employee_id,name,age,gender,department,job_role,salary,monthly_income,years_at_company,education,marital_status,work_life_balance,job_satisfaction,performance_rating,overtime,distance_from_home,attrition
EMP1000,Employee_1,58,Female,Sales,Manager,242532,20211,25,Bachelor's Degree,Divorced,3,4,3,Yes,5.5,0
EMP1001,Employee_2,43,Female,Research & Development,Research Scientist,134700,11225,11,High School,Divorced,3,1,3,Yes,18.7,0
EMP1002,Employee_3,34,Female,Sales,Sales Executive,82956,6913,2,Bachelor's Degree,Single,1,3,4,No,25.9,1
EMP1003,Employee_4,28,Female,Sales,Manager,149268,12439,7,Bachelor's Degree,Single,3,2,3,No,2.0,0
EMP1004,Employee_5,23,Female,Sales,Sales Representative,63012,5251,5,Master's Degree,Single,3,2,3,No,27.9,1
EMP1005,Employee_6,35,Male,Sales,Sales Executive,109764,9147,8,Master's Degree,Single,3,1,3,Yes,9.6,1
EMP1006,Employee_7,30,Male,Finance,Financial Analyst,103164,8597,9,Bachelor's Degree,Married,3,4,3,Yes,11.4,1
EMP1007,Employee_8,43,Male,Research & Development,Research Scientist,112440,9370,2,Bachelor's Degree,Married,3,4,3,No,4.5,1
EMP1008,Employee_9,34,Male,IT,Manager,180840,15070,16,Bachelor's Degree,Single,2,4,3,No,10.1,0
EMP1009,Employee_10,32,Female,Research & Development,Laboratory Technician,103884,8657,12,Bachelor's Degree,Married,2,3,3,Yes,9.6,1
EMP1010,Employee_11,47,Male,IT,Systems Analyst,178512,14876,24,Associate Degree,Married,3,1,3,No,24.7,0
EMP1011,Employee_12,43,Male,Sales,Sales Executive,147012,12251,16,Associate Degree,Single,3,3,2,Yes,8.4,1
EMP1012,Employee_13,21,Female,Sales,Sales Executive,72456,6038,2,High School,Married,3,3,3,No,20.7,0
EMP1013,Employee_14,36,Male,Research & Development,Laboratory Technician,100440,8370,10,Bachelor's Degree,Divorced,3,2,3,No,24.7,0
EMP1014,Employee_15,55,Male,Sales,Manager,224424,18702,19,Master's Degree,Married,4,3,3,No,28.3,0
EMP1015,Employee_16,42,Male,Human Resources,HR Manager,161832,13486,15,Associate Degree,Divorced,1,2,4,No,17.1,0
EMP1016,Employee_17,28,Male,Research & Development,Laboratory Technician,75636,6303,7,Bachelor's Degree,Married,3,4,3,No,26.7,1
EMP1017,Employee_18,44,Male,Sales,Sales Representative,137580,11465,21,Associate Degree,Divorced,1,2,3,No,14.0,0
EMP1018,Employee_19,27,Male,Sales,Manager,137700,11475,2,Bachelor's Degree,Married,4,3,3,Yes,19.5,1
EMP1019,Employee_20,53,Male,Sales,Sales Executive,150312,12526,15,Bachelor's Degree,Married,2,3,4,Yes,9.1,0
EMP1020,Employee_21,25,Male,Sales,Sales Representative,55920,4660,4,PhD,Married,2,1,2,No,17.6,1
EMP1021,Employee_22,37,Male,Research & Development,Laboratory Technician,122808,10234,17,Master's Degree,Married,3,1,4,No,18.8,0
EMP1022,Employee_23,28,Male,IT,Systems Analyst,81828,6819,2,Bachelor's Degree,Married,1,1,3,No,8.4,1
EMP1023,Employee_24,35,Female,Sales,Sales Representative,102624,8552,16,Bachelor's Degree,Divorced,2,3,3,No,2.1,0
EMP1024,Employee_25,24,Male,Sales,Manager,132672,11056,2,High School,Single,3,4,3,No,19.5,0
EMP1025,Employee_26,38,Female,IT,Systems Analyst,113004,9417,8,Associate Degree,Married,3,4,3,Yes,21.0,1
EMP1026,Employee_27,59,Male,Finance,Manager,181152,15096,4,PhD,Single,3,2,3,No,18.7,0
EMP1027,Employee_28,47,Male,Research & Development,Research Scientist,138072,11506,11,Bachelor's Degree,Single,2,4,3,No,1.5,0
EMP1028,Employee_29,29,Female,Sales,Sales Representative,61896,5158,2,High School,Married,2,3,2,No,15.6,0
EMP1029,Employee_30,47,Female,Human Resources,Manager,156492,13041,0,Master's Degree,Married,3,4,4,No,14.3,0
EMP1030,Employee_31,48,Male,IT,Systems Analyst,106968,8914,2,Bachelor's Degree,Single,3,3,3,No,10.8,0
EMP1031,Employee_32,23,Female,Research & Development,Research Scientist,85176,7098,4,Bachelor's Degree,Married,3,3,3,No,29.1,0
EMP1032,Employee_33,37,Male,Research & Development,Research Scientist,122532,10211,11,Bachelor's Degree,Married,2,4,4,No,13.4,0
EMP1033,Employee_34,44,Female,IT,Developer,112860,9405,8,High School,Single,3,4,3,No,25.6,0
EMP1034,Employee_35,24,Male,IT,Developer,84396,7033,6,Bachelor's Degree,Married,4,4,4,Yes,23.7,1
EMP1035,Employee_36,42,Male,IT,Systems Analyst,134928,11244,11,Associate Degree,Married,2,3,3,No,26.1,0
EMP1036,Employee_37,24,Male,Sales,Sales Executive,84768,7064,5,PhD,Single,3,4,3,No,24.6,0
EMP1037,Employee_38,58,Male,Sales,Sales Executive,152808,12734,12,Bachelor's Degree,Single,3,3,4,No,12.8,0
EMP1038,Employee_39,32,Female,IT,Developer,84348,7029,5,Bachelor's Degree,Divorced,3,4,3,No,13.7,0
EMP1039,Employee_40,30,Female,Research & Development,Laboratory Technician,83640,6970,8,Bachelor's Degree,Single,3,4,3,No,7.3,1
EMP1040,Employee_41,31,Female,Sales,Sales Executive,104616,8718,7,Master's Degree,Divorced,2,3,3,No,5.9,0
EMP1041,Employee_42,46,Female,Sales,Sales Executive,145968,12164,15,Associate Degree,Single,4,4,3,No,5.7,0
EMP1042,Employee_43,29,Female,IT,Developer,90036,7503,5,Bachelor's Degree,Divorced,3,2,3,No,24.5,0
EMP1043,Employee_44,32,Male,IT,Manager,150168,12514,5,Bachelor's Degree,Married,4,3,3,No,21.1,0
EMP1044,Employee_45,29,Male,IT,Manager,135636,11303,3,Bachelor's Degree,Single,3,3,2,No,7.6,0
EMP1045,Employee_46,22,Male,Research & Development,Laboratory Technician,57324,4777,2,Master's Degree,Married,3,1,3,Yes,12.7,1
EMP1046,Employee_47,58,Female,Human Resources,HR Manager,184092,15341,14,PhD,Married,3,2,3,No,13.7,0
EMP1047,Employee_48,36,Male,Research & Development,Research Scientist,110184,9182,4,Bachelor's Degree,Married,3,2,3,No,29.4,0
EMP1048,Employee_49,42,Male,Human Resources,HR Specialist,89856,7488,2,Bachelor's Degree,Married,3,4,3,No,26.4,0
EMP1049,Employee_50,47,Female,IT,Developer,122376,10198,11,High School,Single,3,3,1,No,7.0,0
EMP1050,Employee_51,41,Male,Sales,Sales Executive,102900,8575,3,Associate Degree,Married,2,2,3,No,24.4,1
EMP1051,Employee_52,47,Male,IT,Manager,218676,18223,23,Bachelor's Degree,Married,3,4,1,No,4.9,0
EMP1052,Employee_53,54,Male,Sales,Sales Representative,97332,8111,6,Associate Degree,Single,2,2,4,Yes,10.3,1
EMP1053,Employee_54,29,Male,Sales,Sales Representative,58092,4841,1,Bachelor's Degree,Married,3,3,3,No,17.2,0
EMP1054,Employee_55,53,Male,Human Resources,HR Specialist,157548,13129,20,PhD,Married,2,2,2,Yes,4.0,1
EMP1055,Employee_56,43,Male,IT,Developer,92004,7667,3,High School,Divorced,4,3,1,No,29.9,0
EMP1056,Employee_57,57,Male,Sales,Sales Representative,140772,11731,18,Bachelor's Degree,Divorced,3,4,2,Yes,25.3,1
EMP1057,Employee_58,20,Female,Sales,Manager,116052,9671,0,High School,Married,2,2,2,Yes,16.4,1
EMP1058,Employee_59,59,Female,IT,Developer,142260,11855,10,Associate Degree,Single,2,4,4,No,14.7,0
EMP1059,Employee_60,33,Male,IT,Manager,132828,11069,0,Master's Degree,Married,2,4,3,No,22.5,0
EMP1060,Employee_61,54,Male,Human Resources,HR Manager,149388,12449,3,Associate Degree,Single,3,3,3,No,10.2,0
EMP1061,Employee_62,57,Male,IT,Developer,148140,12345,14,Bachelor's Degree,Married,3,4,2,No,12.1,0
EMP1062,Employee_63,27,Female,Human Resources,HR Manager,119856,9988,6,Bachelor's Degree,Single,3,4,3,No,17.6,1
EMP1063,Employee_64,41,Female,Sales,Sales Representative,100320,8360,12,Master's Degree,Married,3,1,3,No,4.2,0
EMP1064,Employee_65,23,Female,Sales,Sales Representative,45864,3822,2,High School,Married,2,4,3,No,18.4,1
EMP1065,Employee_66,31,Female,Human Resources,Manager,158268,13189,7,Bachelor's Degree,Married,3,3,4,No,26.3,0
EMP1066,Employee_67,47,Male,Finance,Financial Analyst,170784,14232,21,Bachelor's Degree,Married,2,2,2,Yes,27.4,1
EMP1067,Employee_68,59,Male,Sales,Sales Executive,177624,14802,20,High School,Married,4,3,4,Yes,18.5,1
EMP1068,Employee_69,53,Male,Sales,Manager,217344,18112,21,Associate Degree,Married,4,3,3,No,6.1,0
EMP1069,Employee_70,45,Female,Research & Development,Research Scientist,155220,12935,16,Bachelor's Degree,Single,2,3,3,No,17.2,0
EMP1070,Employee_71,42,Male,IT,Developer,130488,10874,16,Master's Degree,Single,1,3,3,No,2.1,0
EMP1071,Employee_72,47,Male,IT,Developer,111948,9329,7,Bachelor's Degree,Married,2,3,3,No,26.0,0
EMP1072,Employee_73,47,Female,IT,Manager,159336,13278,2,Bachelor's Degree,Married,2,1,3,No,7.7,1
EMP1073,Employee_74,47,Male,Research & Development,Laboratory Technician,116124,9677,10,Master's Degree,Married,3,1,3,No,28.9,1
EMP1074,Employee_75,26,Male,IT,Developer,69840,5820,1,High School,Single,2,2,3,No,26.9,1
EMP1075,Employee_76,39,Male,Sales,Sales Executive,116496,9708,11,Bachelor's Degree,Married,2,4,3,No,7.4,0
EMP1076,Employee_77,51,Male,Finance,Accountant,129936,10828,12,Bachelor's Degree,Married,3,3,2,Yes,12.7,0
EMP1077,Employee_78,42,Male,IT,Developer,99492,8291,5,Master's Degree,Single,3,3,2,No,2.9,0
EMP1078,Employee_79,50,Female,Human Resources,HR Specialist,103548,8629,6,Associate Degree,Married,3,3,3,No,17.6,0
EMP1079,Employee_80,20,Male,IT,Manager,127464,10622,2,Bachelor's Degree,Single,3,2,3,No,11.3,0
EMP1080,Employee_81,41,Male,Sales,Manager,150588,12549,2,Associate Degree,Married,2,4,3,No,25.4,0
EMP1081,Employee_82,28,Female,Human Resources,HR Manager,133980,11165,8,Bachelor's Degree,Married,3,4,3,No,8.1,0
EMP1082,Employee_83,56,Female,Finance,Financial Analyst,173760,14480,22,PhD,Divorced,3,4,3,Yes,16.1,0
EMP1083,Employee_84,35,Female,Human Resources,Manager,167760,13980,8,Master's Degree,Divorced,4,3,2,Yes,28.4,1
EMP1084,Employee_85,26,Female,IT,Systems Analyst,98568,8214,6,Bachelor's Degree,Single,3,1,3,No,24.1,1
EMP1085,Employee_86,50,Female,IT,Developer,124176,10348,10,Associate Degree,Single,2,1,3,No,10.9,1
EMP1086,Employee_87,32,Female,Research & Development,Laboratory Technician,81684,6807,6,Bachelor's Degree,Married,2,1,3,No,14.4,1
EMP1087,Employee_88,58,Female,Sales,Sales Executive,142896,11908,11,Bachelor's Degree,Married,3,4,3,No,19.2,0
EMP1088,Employee_89,20,Female,IT,Systems Analyst,78792,6566,1,Bachelor's Degree,Single,4,1,3,Yes,7.8,1
EMP1089,Employee_90,23,Female,IT,Systems Analyst,91596,7633,5,Bachelor's Degree,Divorced,3,4,2,No,18.4,0
EMP1090,Employee_91,29,Male,IT,Manager,156468,13039,7,Associate Degree,Single,4,4,4,Yes,11.2,0
EMP1091,Employee_92,54,Female,Research & Development,Manager,172992,14416,5,PhD,Married,4,1,4,No,19.1,0
EMP1092,Employee_93,22,Male,Research & Development,Laboratory Technician,44844,3737,0,Master's Degree,Single,2,3,3,No,10.5,1
EMP1093,Employee_94,24,Female,IT,Developer,76164,6347,3,High School,Married,3,3,3,No,3.2,0
EMP1094,Employee_95,59,Female,Finance,Manager,209928,17494,15,Master's Degree,Married,3,4,4,No,20.1,0
EMP1095,Employee_96,55,Male,Research & Development,Research Scientist,192000,16000,25,Associate Degree,Married,4,1,3,No,14.5,0
EMP1096,Employee_97,55,Female,IT,Developer,139368,11614,13,Bachelor's Degree,Divorced,3,1,1,No,10.5,0
EMP1097,Employee_98,25,Male,Research & Development,Manager,131892,10991,3,Bachelor's Degree,Married,4,1,3,No,19.3,0
EMP1098,Employee_99,36,Female,Sales,Sales Representative,110760,9230,17,Bachelor's Degree,Single,3,4,2,No,26.3,0
EMP1099,Employee_100,48,Male,Research & Development,Manager,228456,19038,25,Bachelor's Degree,Divorced,4,3,2,Yes,1.0,0
EMP1100,Employee_101,48,Male,Finance,Accountant,131700,10975,10,Master's Degree,Single,3,2,4,No,8.9,0
EMP1101,Employee_102,39,Female,Sales,Sales Representative,77040,6420,5,Bachelor's Degree,Married,3,1,3,Yes,7.7,1
EMP1102,Employee_103,46,Female,IT,Manager,188724,15727,13,Associate Degree,Single,2,4,4,Yes,16.4,1
EMP1103,Employee_104,34,Male,Human Resources,HR Specialist,86796,7233,5,Bachelor's Degree,Single,2,3,3,Yes,7.5,1
EMP1104,Employee_105,32,Male,Sales,Sales Representative,97092,8091,14,High School,Single,4,3,3,No,18.4,0
EMP1105,Employee_106,43,Male,IT,Systems Analyst,159288,13274,21,PhD,Single,4,4,2,No,7.1,0
EMP1106,Employee_107,32,Female,Sales,Sales Representative,69048,5754,5,High School,Single,2,4,2,No,17.5,0
EMP1107,Employee_108,22,Male,IT,Developer,63984,5332,1,Master's Degree,Single,3,3,3,No,28.1,1
EMP1108,Employee_109,39,Female,Sales,Manager,167232,13936,8,Master's Degree,Married,3,3,3,No,5.8,0
EMP1109,Employee_110,38,Male,Research & Development,Research Scientist,144696,12058,18,Bachelor's Degree,Married,2,3,3,Yes,5.7,0
EMP1110,Employee_111,29,Male,IT,Developer,88980,7415,6,High School,Married,3,3,3,No,14.4,0
EMP1111,Employee_112,39,Female,Sales,Sales Representative,127848,10654,20,Master's Degree,Single,3,3,3,No,12.5,0
EMP1112,Employee_113,31,Male,Finance,Manager,158688,13224,9,Bachelor's Degree,Married,2,2,4,No,21.8,0
EMP1113,Employee_114,57,Male,Sales,Sales Representative,149724,12477,23,High School,Married,3,1,3,No,17.8,0
EMP1114,Employee_115,56,Male,IT,Developer,172524,14377,22,Bachelor's Degree,Married,2,1,3,Yes,14.2,1
EMP1115,Employee_116,20,Male,Finance,Accountant,66276,5523,0,Bachelor's Degree,Single,3,3,3,No,18.6,1
EMP1116,Employee_117,34,Female,IT,Systems Analyst,115872,9656,8,Associate Degree,Single,2,1,3,No,16.4,1
EMP1117,Employee_118,52,Male,Sales,Sales Representative,145596,12133,23,Bachelor's Degree,Married,4,2,3,Yes,20.9,1
EMP1118,Employee_119,42,Female,IT,Systems Analyst,123684,10307,9,Associate Degree,Married,3,2,2,Yes,22.3,1
EMP1119,Employee_120,41,Male,Research & Development,Laboratory Technician,122328,10194,17,Master's Degree,Married,3,4,2,No,8.1,0
EMP1120,Employee_121,52,Male,Sales,Sales Executive,130560,10880,8,Bachelor's Degree,Single,1,4,4,No,4.1,0
EMP1121,Employee_122,32,Male,IT,Systems Analyst,119736,9978,12,Associate Degree,Single,4,3,4,No,23.2,0
EMP1122,Employee_123,30,Male,IT,Manager,129648,10804,0,Bachelor's Degree,Single,3,3,3,No,11.6,0
EMP1123,Employee_124,54,Female,IT,Systems Analyst,144876,12073,9,Bachelor's Degree,Single,4,3,4,No,23.0,1
EMP1124,Employee_125,45,Male,Sales,Manager,178872,14906,10,Bachelor's Degree,Married,4,3,1,No,23.2,0
EMP1125,Employee_126,35,Male,Human Resources,Manager,178464,14872,14,PhD,Single,2,2,3,No,6.7,0
EMP1126,Employee_127,46,Male,Sales,Sales Representative,119484,9957,17,Bachelor's Degree,Divorced,3,4,2,No,12.6,0
EMP1127,Employee_128,32,Male,Sales,Sales Representative,75732,6311,7,Associate Degree,Married,3,4,1,No,28.9,0
EMP1128,Employee_129,32,Male,Sales,Sales Representative,74976,6248,8,Bachelor's Degree,Married,4,3,3,Yes,19.8,1
EMP1129,Employee_130,56,Female,Sales,Sales Representative,156984,13082,24,Master's Degree,Single,3,3,2,No,3.8,0
EMP1130,Employee_131,52,Male,Sales,Manager,179628,14969,6,Associate Degree,Married,3,3,3,Yes,16.9,0
EMP1131,Employee_132,26,Male,Sales,Sales Executive,70644,5887,0,Bachelor's Degree,Married,3,4,3,No,1.5,0
EMP1132,Employee_133,55,Female,Sales,Sales Executive,123456,10288,5,Bachelor's Degree,Married,1,3,4,Yes,11.3,1
EMP1133,Employee_134,27,Female,IT,Systems Analyst,86040,7170,2,Bachelor's Degree,Married,3,3,4,Yes,6.5,1
EMP1134,Employee_135,27,Female,IT,Manager,151188,12599,8,PhD,Married,4,3,1,No,5.9,0
EMP1135,Employee_136,39,Male,Sales,Sales Representative,75660,6305,4,Associate Degree,Divorced,3,2,2,No,22.4,0
EMP1136,Employee_137,58,Female,Finance,Accountant,150120,12510,13,Master's Degree,Single,3,2,3,Yes,4.4,1
EMP1137,Employee_138,30,Male,Human Resources,Manager,143856,11988,5,Bachelor's Degree,Married,4,4,3,No,27.7,0
EMP1138,Employee_139,57,Female,Sales,Sales Representative,105696,8808,5,Bachelor's Degree,Married,2,4,1,Yes,5.1,1
EMP1139,Employee_140,37,Female,Research & Development,Research Scientist,99576,8298,0,Bachelor's Degree,Divorced,3,3,2,No,27.8,0
EMP1140,Employee_141,25,Male,Sales,Sales Executive,94140,7845,6,Associate Degree,Married,3,4,3,No,28.9,0
EMP1141,Employee_142,48,Female,IT,Systems Analyst,174936,14578,22,High School,Divorced,3,4,2,Yes,5.4,0
EMP1142,Employee_143,50,Female,IT,Developer,123252,10271,8,Bachelor's Degree,Single,3,2,3,Yes,23.7,0
EMP1143,Employee_144,36,Male,Human Resources,HR Manager,129048,10754,6,Bachelor's Degree,Married,3,3,3,No,22.0,0
EMP1144,Employee_145,33,Male,IT,Systems Analyst,125664,10472,13,Bachelor's Degree,Married,3,2,2,Yes,15.0,1
EMP1145,Employee_146,32,Male,IT,Developer,113604,9467,12,Bachelor's Degree,Divorced,3,2,3,No,2.2,0
EMP1146,Employee_147,45,Female,Finance,Manager,170292,14191,8,Bachelor's Degree,Single,4,3,2,No,18.8,0
EMP1147,Employee_148,28,Male,IT,Systems Analyst,90048,7504,1,Bachelor's Degree,Married,3,3,3,No,2.1,0
EMP1148,Employee_149,34,Male,IT,Developer,88584,7382,4,Bachelor's Degree,Single,3,3,4,Yes,2.4,1
EMP1149,Employee_150,24,Female,IT,Manager,131988,10999,3,Bachelor's Degree,Married,2,2,2,No,23.5,0
EMP1150,Employee_151,27,Female,Sales,Sales Executive,93972,7831,7,High School,Married,2,3,2,No,23.3,0
EMP1151,Employee_152,44,Female,Sales,Manager,166500,13875,7,Master's Degree,Married,3,4,3,No,4.3,0
EMP1152,Employee_153,34,Male,Sales,Manager,173244,14437,13,Associate Degree,Divorced,2,4,2,No,13.7,0
EMP1153,Employee_154,40,Male,Research & Development,Research Scientist,142152,11846,14,Bachelor's Degree,Married,4,3,3,No,8.3,0
EMP1154,Employee_155,51,Male,IT,Developer,132072,11006,12,Bachelor's Degree,Married,4,3,3,Yes,5.8,0
EMP1155,Employee_156,32,Female,Sales,Manager,144720,12060,5,Bachelor's Degree,Married,3,4,3,No,17.4,0
EMP1156,Employee_157,35,Female,Research & Development,Manager,159780,13315,9,Bachelor's Degree,Single,4,3,3,No,20.1,0
EMP1157,Employee_158,32,Male,Finance,Accountant,112848,9404,11,High School,Married,3,4,3,Yes,22.6,1
EMP1158,Employee_159,25,Female,Sales,Sales Representative,65412,5451,7,Associate Degree,Married,1,3,2,Yes,7.3,1
EMP1159,Employee_160,23,Female,Sales,Sales Executive,85020,7085,5,High School,Married,3,2,2,Yes,22.0,1
EMP1160,Employee_161,37,Male,Sales,Sales Representative,118836,9903,18,Master's Degree,Single,3,4,3,No,2.7,0
EMP1161,Employee_162,55,Female,IT,Developer,147012,12251,14,Bachelor's Degree,Married,3,3,3,No,30.0,0
EMP1162,Employee_163,34,Female,Finance,Accountant,128532,10711,15,Bachelor's Degree,Divorced,2,4,3,No,6.9,0
EMP1163,Employee_164,25,Male,IT,Manager,143436,11953,5,Bachelor's Degree,Divorced,3,3,3,No,7.5,0
EMP1164,Employee_165,25,Female,Sales,Sales Executive,93504,7792,7,Bachelor's Degree,Single,3,2,2,No,22.2,1
EMP1165,Employee_166,44,Female,IT,Systems Analyst,120204,10017,6,Associate Degree,Single,2,2,3,No,8.2,0
EMP1166,Employee_167,25,Female,IT,Systems Analyst,79776,6648,1,Master's Degree,Single,3,2,2,No,17.3,1
EMP1167,Employee_168,30,Female,Sales,Sales Representative,88176,7348,11,Master's Degree,Single,4,3,2,No,23.8,0
EMP1168,Employee_169,43,Male,Human Resources,HR Specialist,103056,8588,8,PhD,Married,1,3,3,No,1.6,0
EMP1169,Employee_170,53,Female,Finance,Financial Analyst,107532,8961,1,High School,Married,2,3,4,No,3.4,0
EMP1170,Employee_171,29,Female,Finance,Manager,146172,12181,7,Bachelor's Degree,Divorced,3,4,3,No,4.2,0
EMP1171,Employee_172,39,Female,Sales,Sales Executive,125100,10425,14,Bachelor's Degree,Married,3,2,4,No,26.5,0
EMP1172,Employee_173,21,Male,IT,Systems Analyst,84696,7058,3,Bachelor's Degree,Single,3,3,2,No,24.2,0
EMP1173,Employee_174,31,Female,Finance,Financial Analyst,98724,8227,4,Bachelor's Degree,Single,4,2,3,No,10.1,0
EMP1174,Employee_175,31,Female,Research & Development,Laboratory Technician,95892,7991,10,Master's Degree,Married,2,2,4,Yes,29.5,1
EMP1175,Employee_176,56,Female,Research & Development,Research Scientist,152628,12719,11,PhD,Married,3,4,2,No,22.5,0
EMP1176,Employee_177,23,Female,IT,Manager,137328,11444,4,Bachelor's Degree,Divorced,4,3,2,No,17.2,0
EMP1177,Employee_178,47,Male,IT,Developer,123444,10287,10,Master's Degree,Single,2,2,4,No,27.1,1
EMP1178,Employee_179,45,Female,IT,Developer,92100,7675,2,Master's Degree,Married,3,3,3,No,5.1,0
EMP1179,Employee_180,36,Male,IT,Developer,126108,10509,15,Master's Degree,Divorced,3,1,2,No,4.1,0
EMP1180,Employee_181,27,Male,Human Resources,HR Specialist,83340,6945,5,Bachelor's Degree,Single,3,4,3,Yes,11.5,1
EMP1181,Employee_182,58,Male,IT,Developer,121932,10161,5,Bachelor's Degree,Married,3,1,3,No,20.5,0
EMP1182,Employee_183,54,Male,Sales,Sales Executive,133152,11096,7,Associate Degree,Divorced,4,2,3,No,22.5,0
EMP1183,Employee_184,38,Male,Human Resources,HR Specialist,127020,10585,18,PhD,Divorced,3,3,2,Yes,26.3,1
EMP1184,Employee_185,52,Female,IT,Developer,138852,11571,13,Master's Degree,Single,4,4,3,Yes,22.6,1
EMP1185,Employee_186,35,Male,Sales,Manager,182136,15178,13,Associate Degree,Divorced,4,1,3,No,25.8,0
EMP1186,Employee_187,28,Male,IT,Developer,95064,7922,7,Master's Degree,Single,3,2,3,No,16.0,0
EMP1187,Employee_188,48,Female,Sales,Sales Executive,157836,13153,18,Bachelor's Degree,Married,3,1,3,No,7.9,0
EMP1188,Employee_189,43,Female,IT,Systems Analyst,114192,9516,5,PhD,Married,3,1,4,Yes,26.9,1
EMP1189,Employee_190,20,Male,IT,Manager,115620,9635,0,Bachelor's Degree,Married,4,3,1,No,14.8,1
EMP1190,Employee_191,52,Female,IT,Systems Analyst,143856,11988,10,Bachelor's Degree,Married,2,4,4,Yes,2.3,0
EMP1191,Employee_192,58,Male,Finance,Manager,195060,16255,10,Bachelor's Degree,Divorced,3,3,3,Yes,4.8,0
EMP1192,Employee_193,31,Male,Research & Development,Laboratory Technician,75432,6286,4,Master's Degree,Married,2,1,2,No,1.0,1
EMP1193,Employee_194,37,Female,Human Resources,HR Specialist,122880,10240,18,Master's Degree,Married,3,4,3,No,18.3,0
EMP1194,Employee_195,48,Male,Sales,Sales Representative,128136,10678,17,Master's Degree,Married,2,2,3,Yes,5.0,1
EMP1195,Employee_196,57,Male,IT,Systems Analyst,143976,11998,11,Associate Degree,Married,1,3,2,No,9.6,0
EMP1196,Employee_197,44,Male,Sales,Manager,198156,16513,17,High School,Divorced,4,3,3,Yes,12.7,0
EMP1197,Employee_198,22,Male,Sales,Manager,127404,10617,1,Master's Degree,Divorced,3,3,3,Yes,11.7,1
EMP1198,Employee_199,23,Male,IT,Developer,70392,5866,1,Bachelor's Degree,Divorced,1,2,3,No,19.7,1
EMP1199,Employee_200,24,Female,Research & Development,Research Scientist,92088,7674,6,Associate Degree,Married,1,3,3,Yes,21.0,1
EMP1200,Employee_201,45,Male,Sales,Manager,201576,16798,17,Master's Degree,Single,2,3,4,Yes,10.1,0
EMP1201,Employee_202,56,Male,Research & Development,Research Scientist,148416,12368,12,Bachelor's Degree,Divorced,4,1,3,Yes,18.6,1
EMP1202,Employee_203,32,Female,Research & Development,Manager,161784,13482,9,Associate Degree,Single,3,2,3,No,25.0,0
EMP1203,Employee_204,58,Female,IT,Manager,196836,16403,12,Bachelor's Degree,Married,4,3,4,No,19.2,0
EMP1204,Employee_205,43,Female,IT,Developer,139452,11621,16,Bachelor's Degree,Married,3,1,3,No,21.6,0
EMP1205,Employee_206,31,Female,IT,Developer,91836,7653,7,Bachelor's Degree,Single,2,4,3,No,9.0,0
EMP1206,Employee_207,51,Female,IT,Developer,171576,14298,23,Bachelor's Degree,Married,3,4,3,No,13.8,0
EMP1207,Employee_208,37,Female,Sales,Sales Executive,96756,8063,2,Bachelor's Degree,Divorced,3,4,4,Yes,6.8,1
EMP1208,Employee_209,57,Male,Human Resources,Manager,234108,19509,22,Bachelor's Degree,Married,3,3,3,No,1.6,0
EMP1209,Employee_210,40,Female,Finance,Accountant,129336,10778,14,Bachelor's Degree,Divorced,1,4,1,Yes,29.7,1
EMP1210,Employee_211,44,Male,Finance,Financial Analyst,127692,10641,8,Associate Degree,Married,1,3,3,No,23.2,0
EMP1211,Employee_212,23,Female,Sales,Sales Representative,49380,4115,3,Bachelor's Degree,Single,2,1,4,No,17.7,1
EMP1212,Employee_213,53,Female,IT,Systems Analyst,149172,12431,12,Bachelor's Degree,Single,3,4,3,Yes,20.3,1
EMP1213,Employee_214,46,Female,IT,Developer,147384,12282,20,Bachelor's Degree,Married,3,3,2,Yes,2.0,0
EMP1214,Employee_215,29,Female,Human Resources,HR Manager,106248,8854,1,Bachelor's Degree,Divorced,3,4,3,No,21.7,0
EMP1215,Employee_216,27,Female,Research & Development,Laboratory Technician,75540,6295,8,Associate Degree,Married,3,1,1,No,22.7,1
EMP1216,Employee_217,36,Male,Sales,Sales Executive,119388,9949,10,Bachelor's Degree,Married,4,3,3,Yes,25.0,1
EMP1217,Employee_218,32,Male,Research & Development,Research Scientist,93660,7805,0,Bachelor's Degree,Divorced,3,3,3,No,20.9,0
EMP1218,Employee_219,40,Male,IT,Manager,189504,15792,16,Associate Degree,Divorced,3,2,3,No,20.6,1
EMP1219,Employee_220,56,Female,Sales,Manager,204708,17059,15,Bachelor's Degree,Divorced,1,3,3,No,7.1,0
EMP1220,Employee_221,55,Male,Research & Development,Laboratory Technician,162300,13525,23,Bachelor's Degree,Married,1,4,3,No,19.8,0
EMP1221,Employee_222,37,Male,Sales,Sales Representative,64188,5349,0,Bachelor's Degree,Married,1,3,2,No,26.8,1
EMP1222,Employee_223,29,Female,Research & Development,Research Scientist,98796,8233,3,Master's Degree,Single,2,3,4,Yes,28.5,1
EMP1223,Employee_224,44,Female,Finance,Manager,196176,16348,15,Bachelor's Degree,Single,2,4,1,No,23.4,0
EMP1224,Employee_225,53,Male,IT,Developer,165396,13783,22,High School,Single,1,3,3,No,16.0,0
EMP1225,Employee_226,55,Male,Research & Development,Manager,229872,19156,24,Bachelor's Degree,Married,4,2,3,Yes,9.4,1
EMP1226,Employee_227,47,Male,IT,Systems Analyst,125868,10489,7,Bachelor's Degree,Married,3,4,4,No,28.3,0
EMP1227,Employee_228,36,Male,Research & Development,Research Scientist,124944,10412,9,Bachelor's Degree,Married,3,4,4,Yes,10.1,0
EMP1228,Employee_229,20,Male,Finance,Financial Analyst,73920,6160,2,Bachelor's Degree,Divorced,4,3,3,No,2.8,0
EMP1229,Employee_230,52,Female,Sales,Sales Representative,138012,11501,20,Bachelor's Degree,Married,3,4,3,No,28.9,0
EMP1230,Employee_231,49,Male,IT,Manager,188772,15731,11,Bachelor's Degree,Single,4,4,3,No,25.5,0
EMP1231,Employee_232,23,Male,Research & Development,Laboratory Technician,57324,4777,0,Bachelor's Degree,Married,2,4,3,No,7.4,0
EMP1232,Employee_233,23,Female,Research & Development,Manager,127812,10651,2,Master's Degree,Married,2,4,3,No,16.1,0
EMP1233,Employee_234,49,Male,Research & Development,Laboratory Technician,141660,11805,21,Bachelor's Degree,Married,3,4,3,No,25.8,0
EMP1234,Employee_235,40,Female,Sales,Manager,204168,17014,21,Associate Degree,Divorced,3,3,2,Yes,13.4,0
EMP1235,Employee_236,46,Female,Finance,Financial Analyst,109404,9117,2,High School,Divorced,4,4,3,No,12.4,0
EMP1236,Employee_237,48,Female,Research & Development,Research Scientist,187800,15650,25,Bachelor's Degree,Married,4,1,3,No,26.4,1
EMP1237,Employee_238,36,Female,Research & Development,Research Scientist,119976,9998,10,Associate Degree,Divorced,4,2,2,No,17.3,0
EMP1238,Employee_239,26,Female,Finance,Accountant,79968,6664,3,Bachelor's Degree,Divorced,2,3,3,Yes,15.4,1
EMP1239,Employee_240,46,Female,Sales,Manager,214236,17853,23,Master's Degree,Single,3,3,3,Yes,25.0,1
EMP1240,Employee_241,42,Male,IT,Systems Analyst,160188,13349,20,Bachelor's Degree,Single,3,3,2,Yes,23.2,1
EMP1241,Employee_242,58,Female,Research & Development,Laboratory Technician,140496,11708,14,Bachelor's Degree,Single,3,3,3,No,6.5,0
EMP1242,Employee_243,49,Female,IT,Developer,141720,11810,15,Associate Degree,Divorced,3,4,3,No,27.2,0
EMP1243,Employee_244,35,Male,IT,Systems Analyst,109320,9110,8,Bachelor's Degree,Married,3,3,4,No,8.8,0
EMP1244,Employee_245,40,Male,Sales,Sales Executive,112872,9406,8,Bachelor's Degree,Single,1,2,4,Yes,14.0,1
EMP1245,Employee_246,36,Female,Sales,Sales Representative,71376,5948,2,Associate Degree,Divorced,3,3,3,No,4.4,0
EMP1246,Employee_247,34,Female,Sales,Manager,171588,14299,10,Bachelor's Degree,Married,4,3,3,Yes,25.3,1
EMP1247,Employee_248,48,Male,Sales,Sales Executive,101496,8458,0,Bachelor's Degree,Married,4,1,3,No,10.0,1
EMP1248,Employee_249,29,Male,IT,Systems Analyst,89928,7494,2,Bachelor's Degree,Single,4,2,4,Yes,15.5,1
EMP1249,Employee_250,35,Female,IT,Manager,145404,12117,4,Bachelor's Degree,Single,3,2,3,No,11.2,0
EMP1250,Employee_251,52,Female,Human Resources,Manager,157968,13164,1,Bachelor's Degree,Single,3,4,3,No,7.0,0
EMP1251,Employee_252,38,Female,IT,Systems Analyst,121428,10119,9,Associate Degree,Married,4,3,2,Yes,27.5,1
EMP1252,Employee_253,24,Female,Sales,Manager,126780,10565,2,Bachelor's Degree,Married,3,3,3,No,18.6,0
EMP1253,Employee_254,58,Male,IT,Systems Analyst,178608,14884,19,PhD,Single,2,3,1,No,18.4,0
EMP1254,Employee_255,46,Female,Sales,Manager,164040,13670,3,Bachelor's Degree,Married,2,2,3,Yes,8.2,1
EMP1255,Employee_256,41,Male,Sales,Sales Representative,107952,8996,12,Associate Degree,Divorced,2,3,3,Yes,12.8,1
EMP1256,Employee_257,28,Male,IT,Systems Analyst,80496,6708,0,Bachelor's Degree,Married,4,2,2,No,15.4,0
EMP1257,Employee_258,34,Female,IT,Developer,102600,8550,10,Bachelor's Degree,Married,1,3,2,Yes,19.5,1
EMP1258,Employee_259,52,Male,Research & Development,Manager,211188,17599,17,High School,Single,1,3,4,No,22.2,1
EMP1259,Employee_260,38,Female,IT,Systems Analyst,103464,8622,5,Bachelor's Degree,Divorced,1,3,3,No,22.5,1
EMP1260,Employee_261,44,Male,Research & Development,Research Scientist,156348,13029,17,Bachelor's Degree,Single,2,3,3,No,23.8,0
EMP1261,Employee_262,56,Male,IT,Manager,242220,20185,25,Master's Degree,Single,1,3,3,No,1.6,0
EMP1262,Employee_263,20,Male,Sales,Sales Representative,50544,4212,1,High School,Married,4,4,3,No,4.2,0
EMP1263,Employee_264,39,Male,Sales,Manager,167520,13960,9,Associate Degree,Single,4,3,3,No,16.5,0
EMP1264,Employee_265,51,Male,Sales,Manager,204132,17011,15,Bachelor's Degree,Married,3,3,3,Yes,26.4,1
EMP1265,Employee_266,24,Female,Sales,Sales Representative,45252,3771,0,Bachelor's Degree,Divorced,3,3,3,No,1.4,1
EMP1266,Employee_267,42,Male,Finance,Accountant,127044,10587,11,High School,Single,1,1,2,Yes,15.9,1
EMP1267,Employee_268,29,Male,Sales,Manager,149796,12483,6,Associate Degree,Single,2,2,4,No,2.7,0
EMP1268,Employee_269,28,Male,Human Resources,Manager,161916,13493,9,Master's Degree,Married,4,3,3,No,6.0,0
EMP1269,Employee_270,48,Male,IT,Developer,168936,14078,25,Bachelor's Degree,Single,3,3,1,Yes,27.0,1
EMP1270,Employee_271,22,Male,Finance,Financial Analyst,79356,6613,3,Associate Degree,Divorced,4,3,3,No,21.2,0
EMP1271,Employee_272,26,Female,Sales,Manager,129516,10793,2,Master's Degree,Married,1,3,3,No,1.4,0
EMP1272,Employee_273,41,Female,Research & Development,Research Scientist,149208,12434,16,Bachelor's Degree,Married,3,4,4,No,3.1,1
EMP1273,Employee_274,22,Male,Human Resources,Manager,128208,10684,3,Bachelor's Degree,Single,3,3,1,No,14.5,0
EMP1274,Employee_275,28,Female,IT,Developer,76356,6363,3,High School,Married,3,4,4,No,23.2,0
EMP1275,Employee_276,54,Male,Sales,Sales Executive,125436,10453,5,Bachelor's Degree,Single,3,4,3,No,22.7,0
EMP1276,Employee_277,41,Female,Finance,Accountant,135180,11265,15,Bachelor's Degree,Single,2,2,3,No,6.9,0
EMP1277,Employee_278,30,Male,IT,Manager,155328,12944,9,Bachelor's Degree,Married,3,3,3,No,14.1,0
EMP1278,Employee_279,49,Male,IT,Systems Analyst,144444,12037,13,Associate Degree,Married,3,2,4,No,7.3,0
EMP1279,Employee_280,25,Female,Sales,Sales Executive,79428,6619,4,Bachelor's Degree,Single,2,4,3,Yes,8.5,1
EMP1280,Employee_281,25,Male,Sales,Sales Executive,93204,7767,6,Master's Degree,Divorced,2,4,3,No,29.9,0
EMP1281,Employee_282,46,Female,Research & Development,Research Scientist,136224,11352,9,Master's Degree,Divorced,2,3,3,No,1.2,1
EMP1282,Employee_283,40,Male,IT,Developer,92328,7694,2,High School,Married,3,4,3,Yes,1.5,1
EMP1283,Employee_284,54,Male,Sales,Sales Executive,113100,9425,3,Master's Degree,Married,3,3,3,No,29.7,0
EMP1284,Employee_285,42,Female,Human Resources,Manager,163440,13620,4,Bachelor's Degree,Married,4,3,3,No,29.9,0
EMP1285,Employee_286,51,Male,Research & Development,Manager,186684,15557,10,Bachelor's Degree,Divorced,3,3,3,No,5.9,0
EMP1286,Employee_287,20,Female,IT,Systems Analyst,80136,6678,1,Bachelor's Degree,Divorced,1,4,3,No,17.8,1
EMP1287,Employee_288,34,Female,Research & Development,Laboratory Technician,106404,8867,12,Bachelor's Degree,Married,4,2,3,No,5.5,0
EMP1288,Employee_289,41,Female,IT,Manager,186048,15504,15,Bachelor's Degree,Single,4,3,3,No,21.0,0
EMP1289,Employee_290,43,Female,IT,Systems Analyst,144900,12075,16,PhD,Divorced,4,3,2,No,19.1,0
EMP1290,Employee_291,31,Male,Sales,Sales Representative,87924,7327,10,Master's Degree,Married,3,2,2,No,23.9,0
EMP1291,Employee_292,34,Male,IT,Manager,158268,13189,7,PhD,Married,1,2,4,No,7.0,0
EMP1292,Employee_293,32,Female,Research & Development,Laboratory Technician,83244,6937,5,Associate Degree,Divorced,3,1,3,Yes,26.1,1
EMP1293,Employee_294,24,Female,IT,Manager,137688,11474,3,Bachelor's Degree,Married,3,1,3,No,8.9,0
EMP1294,Employee_295,53,Male,Sales,Sales Executive,142068,11839,14,Bachelor's Degree,Single,3,1,3,Yes,6.8,1
EMP1295,Employee_296,46,Male,Sales,Sales Representative,123432,10286,18,Bachelor's Degree,Married,2,4,3,Yes,20.1,1
EMP1296,Employee_297,59,Male,Sales,Sales Executive,188928,15744,24,Master's Degree,Divorced,4,3,4,No,15.9,0
EMP1297,Employee_298,57,Male,IT,Manager,204348,17029,12,Associate Degree,Married,3,3,3,No,12.8,0
EMP1298,Employee_299,33,Female,IT,Developer,108780,9065,10,Bachelor's Degree,Married,3,2,3,No,25.5,0
EMP1299,Employee_300,39,Male,Human Resources,HR Manager,175464,14622,17,Bachelor's Degree,Married,2,2,3,No,2.6,0
EMP1300,Employee_301,27,Female,Human Resources,Manager,160032,13336,9,Master's Degree,Divorced,3,1,3,No,23.8,0
EMP1301,Employee_302,37,Male,Finance,Financial Analyst,134220,11185,13,PhD,Married,2,1,3,Yes,25.0,1
EMP1302,Employee_303,34,Male,IT,Systems Analyst,91428,7619,0,Bachelor's Degree,Married,3,4,3,No,25.7,0
EMP1303,Employee_304,34,Female,Human Resources,Manager,167064,13922,11,Associate Degree,Married,3,3,2,No,12.0,0
EMP1304,Employee_305,48,Male,Sales,Sales Representative,86256,7188,5,Master's Degree,Married,3,3,3,No,1.6,0
EMP1305,Employee_306,40,Male,Human Resources,Manager,188916,15743,16,High School,Single,3,2,3,Yes,19.9,1
EMP1306,Employee_307,45,Male,IT,Developer,116340,9695,8,PhD,Single,2,4,2,No,11.1,0
EMP1307,Employee_308,20,Female,Research & Development,Laboratory Technician,52836,4403,1,Master's Degree,Married,3,2,2,Yes,2.8,1
EMP1308,Employee_309,53,Male,Human Resources,HR Manager,192156,16013,19,Bachelor's Degree,Single,4,4,3,No,22.9,0
EMP1309,Employee_310,54,Female,Finance,Manager,213000,17750,17,Associate Degree,Divorced,3,2,3,No,27.0,0
EMP1310,Employee_311,22,Female,Research & Development,Research Scientist,86412,7201,4,Master's Degree,Married,2,3,3,No,16.4,0
EMP1311,Employee_312,43,Male,IT,Manager,219144,18262,22,Bachelor's Degree,Married,3,4,3,No,20.1,0
EMP1312,Employee_313,29,Male,IT,Developer,98808,8234,9,High School,Divorced,4,1,3,No,17.7,0
EMP1313,Employee_314,21,Male,Research & Development,Manager,125460,10455,1,Bachelor's Degree,Married,2,3,3,No,23.9,0
EMP1314,Employee_315,50,Female,IT,Developer,128868,10739,11,Bachelor's Degree,Married,3,4,2,Yes,16.2,0
EMP1315,Employee_316,40,Male,Sales,Sales Representative,107136,8928,14,Bachelor's Degree,Divorced,4,2,3,No,2.5,0
EMP1316,Employee_317,33,Male,Finance,Financial Analyst,84072,7006,0,Bachelor's Degree,Single,3,1,2,Yes,9.0,1
EMP1317,Employee_318,45,Male,IT,Systems Analyst,151776,12648,17,Bachelor's Degree,Married,2,4,3,No,10.6,0
EMP1318,Employee_319,54,Male,Human Resources,HR Manager,180048,15004,15,Associate Degree,Married,4,3,4,No,2.4,0
EMP1319,Employee_320,32,Female,IT,Manager,170796,14233,13,Bachelor's Degree,Married,1,4,3,Yes,6.3,1
EMP1320,Employee_321,21,Male,Research & Development,Manager,116688,9724,0,Bachelor's Degree,Single,3,1,3,No,10.1,1
EMP1321,Employee_322,54,Female,Human Resources,HR Specialist,114396,9533,6,Bachelor's Degree,Married,4,1,3,No,22.2,0
EMP1322,Employee_323,23,Male,Research & Development,Laboratory Technician,53400,4450,0,Associate Degree,Divorced,1,2,3,No,9.9,1
EMP1323,Employee_324,51,Female,IT,Systems Analyst,181344,15112,23,Associate Degree,Married,3,3,3,No,24.4,0
EMP1324,Employee_325,28,Female,Sales,Manager,156312,13026,8,Bachelor's Degree,Single,3,4,3,Yes,6.7,0
EMP1325,Employee_326,47,Female,Finance,Accountant,117180,9765,9,Bachelor's Degree,Single,1,1,3,No,3.4,1
EMP1326,Employee_327,29,Male,Research & Development,Manager,146760,12230,6,Master's Degree,Single,1,2,4,Yes,8.7,1
EMP1327,Employee_328,37,Male,IT,Manager,182076,15173,14,Bachelor's Degree,Single,3,3,1,No,8.2,0
EMP1328,Employee_329,46,Male,Sales,Sales Representative,97836,8153,7,Master's Degree,Single,2,2,3,No,3.7,0
EMP1329,Employee_330,24,Female,Sales,Sales Executive,89352,7446,5,Bachelor's Degree,Single,4,3,3,No,9.1,0
EMP1330,Employee_331,55,Male,Sales,Sales Executive,177396,14783,22,Associate Degree,Married,3,2,3,Yes,5.5,1
EMP1331,Employee_332,55,Female,IT,Systems Analyst,181968,15164,21,Bachelor's Degree,Married,2,4,3,No,8.5,0
EMP1332,Employee_333,34,Male,IT,Developer,108204,9017,10,Bachelor's Degree,Single,1,2,4,No,11.5,1
EMP1333,Employee_334,23,Male,Finance,Financial Analyst,81516,6793,4,Bachelor's Degree,Single,3,4,3,No,19.5,0
EMP1334,Employee_335,36,Female,Research & Development,Manager,141840,11820,0,Associate Degree,Divorced,3,3,3,Yes,4.7,1
EMP1335,Employee_336,47,Female,Finance,Accountant,121704,10142,9,Associate Degree,Single,4,1,3,Yes,26.1,1
EMP1336,Employee_337,22,Female,Finance,Accountant,71364,5947,3,Master's Degree,Divorced,1,1,3,No,1.0,1
EMP1337,Employee_338,32,Female,IT,Developer,90600,7550,5,Associate Degree,Married,4,1,2,No,4.5,0
EMP1338,Employee_339,59,Male,IT,Systems Analyst,168864,14072,15,High School,Married,3,3,2,No,1.8,0
EMP1339,Employee_340,33,Female,Sales,Sales Executive,95124,7927,6,Master's Degree,Single,3,1,3,Yes,15.5,1
EMP1340,Employee_341,41,Female,Finance,Manager,187716,15643,15,PhD,Divorced,4,2,3,No,29.8,0
EMP1341,Employee_342,51,Male,Human Resources,Manager,193992,16166,13,Associate Degree,Single,4,3,4,Yes,13.8,0
EMP1342,Employee_343,51,Male,Research & Development,Laboratory Technician,101568,8464,4,Master's Degree,Single,3,3,2,No,4.0,1
EMP1343,Employee_344,54,Male,IT,Developer,163080,13590,19,Associate Degree,Married,3,1,3,No,17.4,0
EMP1344,Employee_345,46,Male,IT,Manager,169884,14157,6,Bachelor's Degree,Married,4,3,4,No,29.6,0
EMP1345,Employee_346,20,Male,Sales,Manager,114864,9572,0,Master's Degree,Married,3,3,3,Yes,19.3,1
EMP1346,Employee_347,38,Female,Human Resources,HR Specialist,136884,11407,19,Bachelor's Degree,Single,2,2,3,No,15.3,0
EMP1347,Employee_348,45,Male,IT,Manager,193920,16160,15,Bachelor's Degree,Married,2,3,3,No,4.1,0
EMP1348,Employee_349,53,Male,Sales,Sales Executive,129744,10812,9,Bachelor's Degree,Single,2,3,4,No,5.5,0
EMP1349,Employee_350,23,Male,Sales,Manager,136380,11365,4,Bachelor's Degree,Married,4,4,4,No,16.4,0
EMP1350,Employee_351,23,Male,Sales,Sales Representative,40236,3353,0,Bachelor's Degree,Divorced,4,3,3,Yes,8.3,1
EMP1351,Employee_352,52,Female,Sales,Manager,201684,16807,15,High School,Single,3,4,4,No,4.3,0
EMP1352,Employee_353,57,Female,Human Resources,HR Manager,192228,16019,16,Master's Degree,Divorced,3,3,3,No,5.4,0
EMP1353,Employee_354,53,Female,IT,Developer,122940,10245,6,Associate Degree,Married,2,3,4,No,18.3,0
EMP1354,Employee_355,46,Female,IT,Manager,198516,16543,14,Bachelor's Degree,Divorced,3,3,3,No,26.2,0
EMP1355,Employee_356,23,Female,Human Resources,HR Manager,109776,9148,3,Bachelor's Degree,Single,2,4,4,Yes,23.7,1
EMP1356,Employee_357,25,Female,Sales,Sales Representative,70332,5861,6,Master's Degree,Married,2,4,3,Yes,29.9,1
EMP1357,Employee_358,28,Female,IT,Systems Analyst,95784,7982,4,Master's Degree,Single,1,3,3,No,13.8,1
EMP1358,Employee_359,57,Male,IT,Manager,171984,14332,3,Master's Degree,Divorced,1,3,3,Yes,6.8,1
EMP1359,Employee_360,44,Male,Research & Development,Laboratory Technician,93780,7815,6,Bachelor's Degree,Married,3,3,2,Yes,18.5,1
EMP1360,Employee_361,24,Female,Sales,Sales Representative,59208,4934,6,Master's Degree,Single,3,1,3,Yes,19.1,1
EMP1361,Employee_362,57,Male,IT,Systems Analyst,169728,14144,19,Master's Degree,Divorced,3,1,3,Yes,14.8,1
EMP1362,Employee_363,33,Male,Finance,Accountant,104532,8711,8,Master's Degree,Single,2,3,3,No,27.2,1
EMP1363,Employee_364,44,Female,IT,Systems Analyst,121068,10089,8,Associate Degree,Single,3,3,1,Yes,5.8,0
EMP1364,Employee_365,33,Female,Human Resources,Manager,160356,13363,7,High School,Single,1,3,3,No,12.9,0
EMP1365,Employee_366,22,Female,Sales,Sales Representative,60144,5012,4,Bachelor's Degree,Married,3,2,3,Yes,7.9,1
EMP1366,Employee_367,31,Male,Human Resources,Manager,141648,11804,2,Bachelor's Degree,Married,3,4,3,No,10.4,0
EMP1367,Employee_368,41,Male,Research & Development,Manager,146508,12209,0,Associate Degree,Single,1,4,3,No,25.1,1
EMP1368,Employee_369,59,Female,Sales,Sales Representative,130356,10863,15,Bachelor's Degree,Married,1,4,3,No,19.4,0
EMP1369,Employee_370,59,Male,Sales,Manager,201792,16816,10,Associate Degree,Divorced,2,4,3,No,21.3,0
EMP1370,Employee_371,42,Male,Finance,Manager,177288,14774,9,Associate Degree,Married,2,3,3,Yes,14.7,0
EMP1371,Employee_372,45,Female,IT,Developer,148596,12383,21,Bachelor's Degree,Married,2,3,1,No,13.2,0
EMP1372,Employee_373,57,Female,Research & Development,Manager,227376,18948,20,Bachelor's Degree,Single,3,3,3,Yes,14.7,0
EMP1373,Employee_374,20,Female,IT,Systems Analyst,76080,6340,0,Bachelor's Degree,Single,3,4,3,No,10.2,0
EMP1374,Employee_375,38,Male,IT,Systems Analyst,123708,10309,12,Associate Degree,Single,1,3,2,No,18.1,1
EMP1375,Employee_376,37,Female,Human Resources,Manager,165228,13769,7,Bachelor's Degree,Single,1,4,2,No,20.4,1
EMP1376,Employee_377,24,Female,Research & Development,Laboratory Technician,65040,5420,4,Master's Degree,Divorced,1,4,3,No,21.9,1
EMP1377,Employee_378,30,Male,IT,Developer,105852,8821,11,High School,Divorced,3,1,3,No,11.3,0
EMP1378,Employee_379,59,Female,Sales,Manager,174348,14529,4,Master's Degree,Married,3,4,2,No,23.2,0
EMP1379,Employee_380,58,Female,Sales,Sales Representative,115992,9666,10,Bachelor's Degree,Single,3,2,3,No,19.7,0
EMP1380,Employee_381,43,Male,Research & Development,Manager,181920,15160,13,Bachelor's Degree,Married,2,3,2,No,6.3,0
EMP1381,Employee_382,27,Female,Research & Development,Manager,143808,11984,6,Master's Degree,Married,3,1,4,No,25.9,0
EMP1382,Employee_383,36,Female,IT,Systems Analyst,101640,8470,2,Bachelor's Degree,Married,1,3,3,Yes,6.1,1
EMP1383,Employee_384,27,Male,Research & Development,Research Scientist,79632,6636,0,Bachelor's Degree,Divorced,3,3,3,Yes,18.3,1
EMP1384,Employee_385,46,Male,Sales,Sales Executive,123696,10308,10,Master's Degree,Married,3,3,3,No,20.6,0
EMP1385,Employee_386,24,Female,IT,Systems Analyst,98988,8249,6,Bachelor's Degree,Divorced,2,1,2,No,21.5,1
EMP1386,Employee_387,33,Female,Human Resources,Manager,159000,13250,7,PhD,Single,2,4,4,No,21.2,0
EMP1387,Employee_388,49,Female,Sales,Sales Representative,153840,12820,24,PhD,Married,1,3,2,Yes,6.0,1
EMP1388,Employee_389,27,Male,Human Resources,HR Manager,114888,9574,3,High School,Single,4,2,3,No,13.2,0
EMP1389,Employee_390,35,Female,Human Resources,HR Manager,124968,10414,5,Master's Degree,Single,1,2,3,No,10.0,1
EMP1390,Employee_391,24,Female,Research & Development,Laboratory Technician,72528,6044,5,High School,Single,4,3,3,No,24.8,0
EMP1391,Employee_392,43,Female,Sales,Sales Executive,125076,10423,9,Bachelor's Degree,Married,2,4,2,Yes,4.2,0
EMP1392,Employee_393,32,Female,Sales,Manager,174300,14525,12,Bachelor's Degree,Divorced,1,4,3,No,15.8,1
EMP1393,Employee_394,26,Female,IT,Systems Analyst,79440,6620,0,Bachelor's Degree,Married,2,4,3,No,26.7,1
EMP1394,Employee_395,31,Female,Sales,Manager,153972,12831,5,Master's Degree,Single,3,1,2,No,29.8,1
EMP1395,Employee_396,54,Female,Research & Development,Research Scientist,166464,13872,18,Master's Degree,Married,1,4,3,Yes,10.6,1
EMP1396,Employee_397,42,Male,Finance,Manager,202908,16909,18,Master's Degree,Divorced,1,4,4,Yes,10.5,1
EMP1397,Employee_398,20,Male,Sales,Sales Representative,45408,3784,1,Associate Degree,Married,4,4,4,No,15.8,0
EMP1398,Employee_399,26,Female,Sales,Sales Representative,62988,5249,6,Bachelor's Degree,Single,3,2,4,No,18.2,1
EMP1399,Employee_400,39,Male,IT,Systems Analyst,113316,9443,5,Bachelor's Degree,Single,4,2,4,Yes,13.0,1
EMP1400,Employee_401,55,Male,Finance,Accountant,170952,14246,22,Associate Degree,Divorced,3,3,3,No,25.0,0
EMP1401,Employee_402,42,Male,Research & Development,Manager,191508,15959,17,Master's Degree,Single,3,3,4,No,27.8,0
EMP1402,Employee_403,53,Female,IT,Systems Analyst,165912,13826,18,Bachelor's Degree,Divorced,3,3,3,No,7.9,0
EMP1403,Employee_404,47,Male,Sales,Manager,167220,13935,3,Bachelor's Degree,Single,3,2,2,No,16.0,0
EMP1404,Employee_405,29,Male,Sales,Sales Executive,102456,8538,7,Associate Degree,Married,4,1,1,No,5.3,0
EMP1405,Employee_406,43,Male,Sales,Sales Representative,95544,7962,7,Associate Degree,Married,2,3,2,Yes,21.7,1
EMP1406,Employee_407,39,Male,Research & Development,Research Scientist,101136,8428,3,Associate Degree,Married,4,3,1,No,28.6,0
EMP1407,Employee_408,47,Male,Sales,Sales Representative,152832,12736,25,High School,Divorced,2,4,4,No,8.6,0
EMP1408,Employee_409,52,Female,Sales,Manager,238332,19861,25,Bachelor's Degree,Divorced,3,4,3,No,11.5,1
EMP1409,Employee_410,20,Male,Sales,Sales Executive,67068,5589,2,High School,Single,3,2,3,No,11.4,1
EMP1410,Employee_411,52,Female,IT,Developer,176760,14730,25,Bachelor's Degree,Single,4,3,3,No,28.8,0
EMP1411,Employee_412,53,Female,IT,Systems Analyst,139740,11645,9,Associate Degree,Single,4,3,3,Yes,29.3,1
EMP1412,Employee_413,22,Male,Research & Development,Manager,121548,10129,1,Bachelor's Degree,Married,2,3,2,No,28.2,0
EMP1413,Employee_414,49,Male,Research & Development,Laboratory Technician,136092,11341,19,Bachelor's Degree,Married,4,4,2,Yes,26.2,1
EMP1414,Employee_415,24,Male,IT,Systems Analyst,81504,6792,0,Associate Degree,Married,3,4,4,No,16.0,0
EMP1415,Employee_416,33,Male,Sales,Sales Representative,63948,5329,1,Master's Degree,Married,2,1,3,No,2.5,1
EMP1416,Employee_417,32,Female,Research & Development,Research Scientist,94152,7846,2,Bachelor's Degree,Married,2,3,3,No,27.8,1
EMP1417,Employee_418,31,Male,IT,Systems Analyst,96444,8037,4,Associate Degree,Married,3,1,3,Yes,24.4,1
EMP1418,Employee_419,41,Male,Research & Development,Manager,167292,13941,6,High School,Single,4,4,3,No,9.3,0
EMP1419,Employee_420,25,Male,Sales,Sales Executive,95772,7981,7,High School,Married,3,3,3,No,6.2,0
EMP1420,Employee_421,51,Female,Sales,Sales Representative,105912,8826,9,Associate Degree,Single,1,1,4,Yes,17.7,1
EMP1421,Employee_422,26,Female,IT,Developer,71196,5933,1,Associate Degree,Divorced,3,2,3,No,18.9,1
EMP1422,Employee_423,29,Male,Research & Development,Research Scientist,103200,8600,7,PhD,Married,2,3,3,No,16.0,0
EMP1423,Employee_424,20,Female,Sales,Sales Executive,68364,5697,0,High School,Divorced,2,2,3,Yes,5.8,1
EMP1424,Employee_425,31,Female,Sales,Sales Representative,93420,7785,11,PhD,Single,3,4,2,No,3.3,0
EMP1425,Employee_426,28,Female,IT,Developer,92580,7715,8,Bachelor's Degree,Single,4,2,3,No,4.8,0
EMP1426,Employee_427,34,Female,IT,Systems Analyst,100320,8360,4,Bachelor's Degree,Single,3,2,4,No,29.9,1
EMP1427,Employee_428,35,Female,Sales,Sales Executive,111276,9273,9,Bachelor's Degree,Married,4,4,2,No,2.0,0
EMP1428,Employee_429,47,Female,IT,Manager,174240,14520,9,PhD,Single,3,1,3,No,15.2,0
EMP1429,Employee_430,27,Male,Finance,Accountant,86964,7247,4,Associate Degree,Divorced,4,2,4,Yes,12.6,1
EMP1430,Employee_431,44,Male,Sales,Sales Executive,158052,13171,20,Master's Degree,Married,2,2,3,No,6.2,0
EMP1431,Employee_432,34,Female,IT,Systems Analyst,84828,7069,0,High School,Single,1,3,3,No,5.9,1
EMP1432,Employee_433,45,Male,IT,Manager,170856,14238,8,Bachelor's Degree,Married,2,4,3,Yes,18.0,0
EMP1433,Employee_434,59,Female,Research & Development,Laboratory Technician,144900,12075,15,Bachelor's Degree,Married,4,3,3,No,16.5,0
EMP1434,Employee_435,41,Male,Sales,Sales Executive,129576,10798,11,Master's Degree,Single,2,4,4,No,16.9,0
EMP1435,Employee_436,42,Female,Sales,Sales Executive,122616,10218,12,Bachelor's Degree,Married,3,2,3,No,19.9,0
EMP1436,Employee_437,26,Male,Research & Development,Research Scientist,97884,8157,6,Bachelor's Degree,Single,4,2,3,No,29.7,1
EMP1437,Employee_438,40,Female,Human Resources,HR Manager,177540,14795,20,PhD,Single,2,1,3,Yes,3.3,1
EMP1438,Employee_439,38,Female,Human Resources,HR Manager,153036,12753,10,Associate Degree,Married,4,3,4,No,16.5,0
EMP1439,Employee_440,47,Male,IT,Systems Analyst,161616,13468,21,Master's Degree,Single,2,3,4,Yes,26.8,1
EMP1440,Employee_441,20,Male,IT,Manager,125760,10480,0,Bachelor's Degree,Single,2,2,2,No,13.7,1
EMP1441,Employee_442,42,Female,Research & Development,Research Scientist,101736,8478,1,Bachelor's Degree,Married,3,3,4,No,28.2,1
EMP1442,Employee_443,21,Male,IT,Systems Analyst,78240,6520,0,Bachelor's Degree,Married,1,4,2,Yes,28.7,1
EMP1443,Employee_444,31,Female,Sales,Sales Representative,68520,5710,4,Associate Degree,Married,3,3,3,No,15.9,1
EMP1444,Employee_445,20,Male,IT,Developer,67680,5640,2,Associate Degree,Single,2,4,3,No,17.7,1
EMP1445,Employee_446,51,Female,Research & Development,Manager,204132,17011,17,Bachelor's Degree,Single,3,2,4,No,20.0,0
EMP1446,Employee_447,37,Female,Research & Development,Laboratory Technician,89004,7417,7,Bachelor's Degree,Married,2,2,4,No,29.0,1
EMP1447,Employee_448,47,Female,IT,Developer,108804,9067,5,Associate Degree,Single,3,1,1,No,4.1,0
EMP1448,Employee_449,57,Female,Sales,Sales Representative,119424,9952,11,Bachelor's Degree,Divorced,3,3,3,Yes,29.5,1
EMP1449,Employee_450,53,Female,IT,Systems Analyst,148836,12403,11,PhD,Married,2,3,4,No,20.9,0
EMP1450,Employee_451,22,Male,Human Resources,HR Manager,112248,9354,3,Bachelor's Degree,Single,3,2,3,No,3.6,0
EMP1451,Employee_452,38,Male,Research & Development,Manager,148140,12345,3,PhD,Married,2,2,3,Yes,8.0,1
EMP1452,Employee_453,33,Male,Sales,Manager,135276,11273,0,Bachelor's Degree,Married,2,3,3,Yes,21.3,1
EMP1453,Employee_454,22,Male,Research & Development,Manager,128868,10739,4,PhD,Divorced,4,3,2,No,7.5,0
EMP1454,Employee_455,54,Male,Finance,Financial Analyst,174180,14515,23,Bachelor's Degree,Single,1,3,3,No,16.9,0
EMP1455,Employee_456,51,Female,Sales,Manager,176892,14741,6,Associate Degree,Married,2,3,3,No,27.9,0
EMP1456,Employee_457,39,Male,Sales,Sales Executive,149448,12454,19,High School,Married,4,2,2,No,8.7,0
EMP1457,Employee_458,50,Female,Human Resources,HR Manager,200160,16680,22,Associate Degree,Married,4,1,3,Yes,5.7,1
EMP1458,Employee_459,24,Male,Finance,Financial Analyst,76632,6386,2,Associate Degree,Married,3,2,4,No,10.2,0
EMP1459,Employee_460,42,Female,Finance,Manager,194424,16202,18,Master's Degree,Married,2,3,4,Yes,22.3,1
EMP1460,Employee_461,48,Female,IT,Developer,149064,12422,20,PhD,Married,1,1,3,No,12.8,1
EMP1461,Employee_462,54,Male,Research & Development,Laboratory Technician,146760,12230,19,PhD,Married,3,4,3,No,2.2,0
EMP1462,Employee_463,53,Female,IT,Systems Analyst,174000,14500,20,Master's Degree,Married,3,3,3,No,2.9,0
EMP1463,Employee_464,45,Female,Sales,Manager,192720,16060,15,High School,Married,4,4,3,No,2.2,0
EMP1464,Employee_465,21,Female,Sales,Sales Representative,42588,3549,1,Bachelor's Degree,Married,3,3,3,No,28.2,1
EMP1465,Employee_466,40,Female,Human Resources,HR Manager,163368,13614,15,Bachelor's Degree,Married,3,4,4,No,17.9,0
EMP1466,Employee_467,41,Male,IT,Systems Analyst,136680,11390,13,Master's Degree,Married,4,2,4,No,30.0,0
EMP1467,Employee_468,47,Female,Research & Development,Laboratory Technician,90576,7548,3,Bachelor's Degree,Married,3,2,3,No,9.2,0
EMP1468,Employee_469,44,Female,Sales,Sales Executive,98220,8185,1,Bachelor's Degree,Married,3,4,3,No,3.1,0
EMP1469,Employee_470,20,Male,IT,Systems Analyst,77052,6421,0,PhD,Married,2,2,3,No,5.8,1
EMP1470,Employee_471,43,Male,IT,Manager,198348,16529,16,PhD,Divorced,3,3,4,No,8.3,0
EMP1471,Employee_472,24,Male,Research & Development,Research Scientist,78120,6510,1,High School,Single,2,3,4,No,2.6,1
EMP1472,Employee_473,34,Female,Research & Development,Laboratory Technician,68220,5685,3,Associate Degree,Divorced,1,3,4,No,6.5,0
EMP1473,Employee_474,44,Female,IT,Systems Analyst,165960,13830,23,Bachelor's Degree,Married,2,1,4,Yes,19.7,1
EMP1474,Employee_475,35,Male,IT,Manager,174864,14572,14,Associate Degree,Married,4,3,3,Yes,8.7,0
EMP1475,Employee_476,56,Female,Research & Development,Manager,234936,19578,25,Bachelor's Degree,Married,2,4,3,Yes,20.9,1
EMP1476,Employee_477,23,Female,IT,Developer,62784,5232,0,Associate Degree,Married,4,4,3,No,3.9,0
EMP1477,Employee_478,55,Female,Human Resources,HR Manager,209280,17440,24,Master's Degree,Single,3,1,3,No,8.5,0
EMP1478,Employee_479,58,Female,Research & Development,Laboratory Technician,114564,9547,5,PhD,Divorced,4,2,4,No,1.5,0
EMP1479,Employee_480,33,Male,Sales,Sales Executive,91956,7663,5,Master's Degree,Divorced,3,1,3,No,29.7,1
EMP1480,Employee_481,22,Female,Sales,Sales Representative,49104,4092,2,High School,Married,4,2,4,No,19.3,1
EMP1481,Employee_482,50,Female,Sales,Sales Executive,174420,14535,25,Associate Degree,Married,3,4,3,No,2.8,0
EMP1482,Employee_483,25,Female,Sales,Sales Representative,68388,5699,7,PhD,Married,4,3,3,No,13.5,0
EMP1483,Employee_484,53,Female,IT,Systems Analyst,175488,14624,20,Bachelor's Degree,Single,2,3,3,Yes,7.9,0
EMP1484,Employee_485,39,Female,Finance,Manager,166188,13849,7,Bachelor's Degree,Divorced,2,3,3,No,19.3,0
EMP1485,Employee_486,38,Male,Research & Development,Laboratory Technician,108288,9024,11,Associate Degree,Married,3,1,3,No,11.2,0
EMP1486,Employee_487,52,Male,IT,Systems Analyst,183816,15318,25,Bachelor's Degree,Married,3,3,3,No,11.4,0
EMP1487,Employee_488,57,Female,Sales,Sales Representative,139608,11634,16,Bachelor's Degree,Married,2,4,4,Yes,14.5,0
EMP1488,Employee_489,33,Female,IT,Developer,116640,9720,12,Bachelor's Degree,Divorced,1,2,3,Yes,14.3,1
EMP1489,Employee_490,53,Male,Research & Development,Laboratory Technician,149184,12432,22,High School,Married,4,1,2,No,9.3,0
EMP1490,Employee_491,49,Female,Human Resources,HR Manager,162060,13505,11,Bachelor's Degree,Married,4,2,3,No,3.3,0
EMP1491,Employee_492,48,Male,IT,Developer,127596,10633,10,High School,Married,2,3,3,Yes,11.6,0
EMP1492,Employee_493,59,Female,Finance,Financial Analyst,175248,14604,20,Bachelor's Degree,Divorced,3,3,4,No,19.1,0
EMP1493,Employee_494,25,Male,Research & Development,Manager,134700,11225,2,Bachelor's Degree,Married,3,4,3,No,3.5,0
EMP1494,Employee_495,24,Male,Sales,Sales Representative,62904,5242,6,Associate Degree,Divorced,4,1,1,No,17.7,0
EMP1495,Employee_496,59,Male,Sales,Sales Representative,101232,8436,4,High School,Single,4,3,3,No,28.6,0
EMP1496,Employee_497,51,Female,Human Resources,Manager,166320,13860,4,Associate Degree,Married,4,2,3,No,26.3,0
EMP1497,Employee_498,58,Male,Human Resources,Manager,177564,14797,4,Associate Degree,Single,3,1,3,No,14.2,0
EMP1498,Employee_499,32,Male,Research & Development,Laboratory Technician,85788,7149,7,PhD,Single,1,1,3,No,3.3,1
EMP1499,Employee_500,34,Female,Sales,Sales Representative,106476,8873,16,Associate Degree,Single,2,1,3,No,12.2,1
EMP1500,Employee_501,42,Male,Research & Development,Research Scientist,165096,13758,22,Bachelor's Degree,Single,3,3,4,No,15.9,0
EMP1501,Employee_502,37,Male,Sales,Sales Executive,86940,7245,0,High School,Married,4,4,3,No,28.1,0
EMP1502,Employee_503,23,Female,Sales,Sales Representative,56676,4723,4,Master's Degree,Single,2,1,3,No,14.4,1
EMP1503,Employee_504,54,Male,IT,Developer,112896,9408,5,Bachelor's Degree,Married,3,2,1,No,14.3,0
EMP1504,Employee_505,58,Male,Research & Development,Manager,208104,17342,14,Master's Degree,Married,2,3,4,No,14.4,0
EMP1505,Employee_506,50,Male,Sales,Sales Representative,127524,10627,15,Associate Degree,Single,2,3,1,No,4.6,0
EMP1506,Employee_507,45,Male,IT,Systems Analyst,164940,13745,21,PhD,Married,4,1,4,Yes,2.5,1
EMP1507,Employee_508,49,Male,Human Resources,HR Specialist,127356,10613,14,Bachelor's Degree,Single,3,2,3,Yes,26.5,1
EMP1508,Employee_509,42,Male,Sales,Manager,173328,14444,7,Bachelor's Degree,Divorced,3,2,3,No,26.4,0
EMP1509,Employee_510,30,Male,Finance,Manager,148452,12371,6,Associate Degree,Married,3,4,3,No,6.9,0
EMP1510,Employee_511,42,Male,Sales,Sales Executive,150576,12548,18,High School,Divorced,3,2,3,No,17.4,0
EMP1511,Employee_512,53,Female,IT,Developer,101724,8477,1,Bachelor's Degree,Married,2,2,4,No,10.2,1
EMP1512,Employee_513,51,Female,IT,Developer,164040,13670,23,High School,Married,3,4,2,No,19.6,0
EMP1513,Employee_514,31,Male,IT,Developer,72660,6055,1,Bachelor's Degree,Divorced,4,4,3,Yes,16.1,1
EMP1514,Employee_515,43,Female,Sales,Manager,155880,12990,3,Associate Degree,Married,3,2,3,No,23.4,0
EMP1515,Employee_516,26,Male,Sales,Manager,141204,11767,4,Master's Degree,Married,3,4,3,No,4.5,1
EMP1516,Employee_517,50,Male,Human Resources,Manager,171684,14307,7,Master's Degree,Married,1,4,3,No,26.1,0
EMP1517,Employee_518,37,Male,Finance,Financial Analyst,139752,11646,18,Bachelor's Degree,Single,2,2,3,No,26.9,1
EMP1518,Employee_519,40,Male,IT,Systems Analyst,160416,13368,21,Associate Degree,Divorced,3,4,4,No,5.5,0
EMP1519,Employee_520,48,Male,IT,Developer,117420,9785,9,Master's Degree,Married,3,2,4,No,18.1,0
EMP1520,Employee_521,38,Female,IT,Developer,125976,10498,16,Bachelor's Degree,Married,2,3,3,No,13.5,0
EMP1521,Employee_522,39,Female,IT,Systems Analyst,129420,10785,13,Bachelor's Degree,Divorced,3,1,2,No,1.5,0
EMP1522,Employee_523,46,Female,Research & Development,Research Scientist,111456,9288,0,Bachelor's Degree,Married,2,2,4,No,16.2,0
EMP1523,Employee_524,40,Male,Sales,Sales Executive,141132,11761,19,Bachelor's Degree,Single,4,2,3,Yes,11.4,1
EMP1524,Employee_525,44,Male,Sales,Sales Representative,92424,7702,6,Associate Degree,Married,4,4,3,No,4.6,0
EMP1525,Employee_526,50,Female,IT,Systems Analyst,138792,11566,10,Bachelor's Degree,Divorced,2,4,1,Yes,21.2,1
EMP1526,Employee_527,45,Female,Sales,Manager,164460,13705,3,Master's Degree,Divorced,3,3,3,No,25.6,0
EMP1527,Employee_528,50,Female,Human Resources,HR Specialist,150360,12530,22,Master's Degree,Married,1,2,3,No,28.1,1
EMP1528,Employee_529,24,Male,IT,Manager,141372,11781,6,High School,Married,2,3,3,No,19.2,0
EMP1529,Employee_530,46,Male,IT,Systems Analyst,143556,11963,15,PhD,Married,3,3,3,No,13.9,0
EMP1530,Employee_531,36,Female,Sales,Sales Executive,114408,9534,8,Bachelor's Degree,Divorced,2,2,2,Yes,22.7,1
EMP1531,Employee_532,31,Female,Sales,Sales Representative,84708,7059,11,Bachelor's Degree,Divorced,3,2,2,Yes,14.5,1
EMP1532,Employee_533,44,Female,Finance,Accountant,157956,13163,23,Associate Degree,Married,3,3,3,Yes,15.2,0
EMP1533,Employee_534,35,Female,Finance,Manager,171636,14303,13,High School,Single,3,4,2,No,18.3,0
EMP1534,Employee_535,26,Female,Research & Development,Manager,146700,12225,5,Bachelor's Degree,Married,2,1,3,No,18.8,1
EMP1535,Employee_536,29,Male,Sales,Manager,160656,13388,10,High School,Divorced,3,2,3,No,28.5,0
EMP1536,Employee_537,53,Female,Sales,Sales Executive,122988,10249,7,Associate Degree,Married,1,3,2,No,18.2,0
EMP1537,Employee_538,58,Female,IT,Systems Analyst,185256,15438,22,Bachelor's Degree,Married,3,1,1,No,7.3,0
EMP1538,Employee_539,48,Female,Research & Development,Research Scientist,137736,11478,11,PhD,Married,2,3,3,No,20.1,0
EMP1539,Employee_540,35,Male,Sales,Sales Representative,90336,7528,12,Bachelor's Degree,Divorced,3,3,3,Yes,22.7,1
EMP1540,Employee_541,35,Male,IT,Manager,156864,13072,6,PhD,Single,4,3,4,No,11.6,0
EMP1541,Employee_542,58,Male,Sales,Manager,170424,14202,3,Master's Degree,Married,2,4,3,No,6.5,0
EMP1542,Employee_543,20,Male,Finance,Financial Analyst,68400,5700,0,Bachelor's Degree,Single,1,2,3,No,15.0,1
EMP1543,Employee_544,48,Female,Sales,Sales Executive,102408,8534,1,Associate Degree,Divorced,3,3,3,Yes,17.7,1
EMP1544,Employee_545,45,Male,IT,Developer,148632,12386,20,Bachelor's Degree,Married,3,1,4,No,29.3,0
EMP1545,Employee_546,52,Female,Human Resources,HR Manager,178212,14851,16,High School,Married,3,2,3,Yes,14.7,1
EMP1546,Employee_547,49,Male,IT,Developer,126384,10532,10,Associate Degree,Single,3,3,4,No,17.9,0
EMP1547,Employee_548,29,Male,Finance,Manager,153264,12772,6,Master's Degree,Divorced,3,1,3,No,3.5,0
EMP1548,Employee_549,34,Female,Sales,Sales Representative,60828,5069,2,Bachelor's Degree,Single,4,2,3,No,16.7,1
EMP1549,Employee_550,26,Male,Research & Development,Research Scientist,99348,8279,7,Bachelor's Degree,Divorced,1,3,3,No,10.8,0
EMP1550,Employee_551,50,Female,Sales,Sales Representative,94188,7849,5,Associate Degree,Divorced,4,1,3,No,20.9,1
EMP1551,Employee_552,39,Female,IT,Developer,108576,9048,10,Associate Degree,Married,3,4,3,No,17.2,0
EMP1552,Employee_553,31,Female,IT,Systems Analyst,96156,8013,3,Bachelor's Degree,Married,4,1,3,Yes,8.1,1
EMP1553,Employee_554,21,Female,Finance,Manager,125832,10486,2,Master's Degree,Single,2,3,3,No,16.0,0
EMP1554,Employee_555,33,Female,Sales,Sales Representative,69192,5766,2,Master's Degree,Married,2,3,1,No,11.4,0
EMP1555,Employee_556,28,Female,Research & Development,Research Scientist,92580,7715,2,Master's Degree,Married,2,1,3,No,20.2,1
EMP1556,Employee_557,58,Male,IT,Developer,153348,12779,15,Bachelor's Degree,Single,3,4,3,Yes,23.4,1
EMP1557,Employee_558,27,Male,Sales,Sales Representative,77568,6464,8,Master's Degree,Married,3,3,2,Yes,13.1,1
EMP1558,Employee_559,21,Female,Sales,Sales Executive,72480,6040,2,Associate Degree,Single,1,3,4,No,14.8,1
EMP1559,Employee_560,41,Female,IT,Developer,111588,9299,8,High School,Married,1,3,3,No,6.1,0
EMP1560,Employee_561,50,Female,Research & Development,Research Scientist,154980,12915,14,Master's Degree,Married,4,3,1,No,8.7,0
EMP1561,Employee_562,59,Female,Research & Development,Laboratory Technician,108444,9037,6,Bachelor's Degree,Married,2,3,3,No,11.3,0
EMP1562,Employee_563,53,Female,Sales,Sales Representative,145008,12084,21,Bachelor's Degree,Divorced,2,3,3,Yes,4.6,0
EMP1563,Employee_564,36,Male,Human Resources,Manager,187692,15641,16,Bachelor's Degree,Single,2,2,3,No,22.4,1
EMP1564,Employee_565,30,Female,IT,Systems Analyst,115332,9611,9,Bachelor's Degree,Divorced,3,3,4,No,25.9,0
EMP1565,Employee_566,21,Female,Human Resources,HR Specialist,59556,4963,3,Associate Degree,Single,4,3,4,Yes,28.0,1
EMP1566,Employee_567,57,Male,Sales,Sales Representative,161496,13458,24,Associate Degree,Married,2,3,4,No,21.9,0
EMP1567,Employee_568,25,Female,Sales,Manager,132888,11074,4,Bachelor's Degree,Divorced,3,3,4,Yes,18.5,1
EMP1568,Employee_569,45,Female,IT,Developer,98016,8168,3,PhD,Divorced,3,2,4,No,9.8,0
EMP1569,Employee_570,50,Male,IT,Systems Analyst,122256,10188,5,Bachelor's Degree,Married,3,2,3,No,6.5,0
EMP1570,Employee_571,29,Male,Sales,Manager,139128,11594,1,Associate Degree,Divorced,4,3,3,No,20.1,0
EMP1571,Employee_572,59,Female,Sales,Sales Executive,163524,13627,18,Bachelor's Degree,Divorced,3,4,3,No,25.9,0
EMP1572,Employee_573,28,Female,IT,Manager,136152,11346,4,High School,Divorced,4,3,3,Yes,9.5,0
EMP1573,Employee_574,46,Male,Sales,Sales Executive,121800,10150,8,Master's Degree,Divorced,4,3,3,No,12.1,0
EMP1574,Employee_575,38,Female,Sales,Sales Executive,85596,7133,1,Bachelor's Degree,Divorced,4,4,3,No,15.4,0
EMP1575,Employee_576,52,Male,Finance,Manager,204540,17045,15,Associate Degree,Divorced,1,4,3,Yes,23.9,1
EMP1576,Employee_577,35,Male,Research & Development,Manager,139260,11605,0,Bachelor's Degree,Married,3,4,3,No,29.1,0
EMP1577,Employee_578,34,Male,Sales,Sales Representative,86580,7215,11,High School,Single,3,4,1,No,13.6,0
EMP1578,Employee_579,52,Female,Sales,Sales Executive,172848,14404,22,Bachelor's Degree,Married,4,3,4,No,2.2,0
EMP1579,Employee_580,57,Female,Human Resources,Manager,192384,16032,9,Bachelor's Degree,Divorced,2,1,4,No,11.0,0
EMP1580,Employee_581,48,Male,IT,Developer,98388,8199,2,High School,Married,3,3,1,Yes,1.4,1
EMP1581,Employee_582,47,Male,Sales,Sales Executive,150852,12571,17,Bachelor's Degree,Married,3,3,1,No,28.8,0
EMP1582,Employee_583,43,Female,IT,Systems Analyst,124488,10374,8,Master's Degree,Single,4,4,2,No,14.2,0
EMP1583,Employee_584,31,Male,IT,Systems Analyst,113232,9436,8,Bachelor's Degree,Married,2,4,3,No,21.0,0
EMP1584,Employee_585,54,Male,IT,Developer,99852,8321,1,Bachelor's Degree,Married,4,4,3,No,8.2,0
EMP1585,Employee_586,48,Female,Sales,Sales Representative,100932,8411,9,Bachelor's Degree,Married,3,3,2,No,6.3,0
EMP1586,Employee_587,23,Female,Sales,Manager,128832,10736,3,Master's Degree,Divorced,1,3,3,No,13.6,0
EMP1587,Employee_588,29,Male,Finance,Financial Analyst,83304,6942,0,Bachelor's Degree,Divorced,4,2,3,No,2.3,0
EMP1588,Employee_589,59,Female,Human Resources,Manager,186360,15530,6,PhD,Single,3,4,3,Yes,1.8,0
EMP1589,Employee_590,34,Male,Research & Development,Research Scientist,114228,9519,6,Master's Degree,Married,2,4,3,No,21.1,0
EMP1590,Employee_591,45,Female,Sales,Sales Representative,97020,8085,10,High School,Married,3,3,3,No,22.8,0
EMP1591,Employee_592,28,Male,Research & Development,Research Scientist,99276,8273,4,Associate Degree,Married,3,4,3,Yes,23.5,1
EMP1592,Employee_593,40,Male,IT,Developer,148008,12334,21,Bachelor's Degree,Married,2,3,3,No,24.8,0
EMP1593,Employee_594,53,Female,Human Resources,HR Specialist,148500,12375,20,Bachelor's Degree,Married,2,2,3,No,25.9,0
EMP1594,Employee_595,40,Male,Research & Development,Laboratory Technician,121176,10098,17,Associate Degree,Married,3,2,3,No,7.1,0
EMP1595,Employee_596,44,Male,IT,Systems Analyst,180576,15048,25,Associate Degree,Married,3,4,4,Yes,27.5,1
EMP1596,Employee_597,56,Male,Finance,Manager,241008,20084,25,Associate Degree,Married,2,4,3,Yes,26.4,1
EMP1597,Employee_598,50,Female,IT,Developer,114912,9576,7,Bachelor's Degree,Married,2,1,2,No,25.8,1
EMP1598,Employee_599,34,Female,Research & Development,Research Scientist,116568,9714,8,Bachelor's Degree,Married,3,2,2,No,16.8,1
EMP1599,Employee_600,28,Male,Human Resources,Manager,160092,13341,9,Bachelor's Degree,Married,1,4,3,No,22.9,0
EMP1600,Employee_601,57,Female,IT,Developer,178500,14875,24,Master's Degree,Married,2,4,3,Yes,27.5,0
EMP1601,Employee_602,45,Female,Sales,Sales Executive,164676,13723,21,Bachelor's Degree,Divorced,1,3,1,No,12.9,0
EMP1602,Employee_603,24,Female,IT,Systems Analyst,74088,6174,1,Bachelor's Degree,Divorced,4,4,3,No,20.1,0
EMP1603,Employee_604,47,Male,Research & Development,Research Scientist,145872,12156,14,Master's Degree,Married,3,4,2,No,17.1,0
EMP1604,Employee_605,22,Male,Research & Development,Research Scientist,78504,6542,0,Bachelor's Degree,Married,1,4,4,Yes,13.5,1
EMP1605,Employee_606,23,Male,Sales,Manager,127644,10637,3,PhD,Single,3,1,3,No,2.9,0
EMP1606,Employee_607,31,Male,IT,Manager,159108,13259,10,Bachelor's Degree,Married,1,2,3,No,22.5,1
EMP1607,Employee_608,54,Male,Finance,Manager,216384,18032,19,PhD,Single,3,4,3,No,20.0,0
EMP1608,Employee_609,30,Female,Human Resources,Manager,164868,13739,10,Bachelor's Degree,Single,3,3,2,Yes,10.6,0
EMP1609,Employee_610,36,Male,IT,Developer,111720,9310,11,Bachelor's Degree,Married,3,3,3,No,16.7,0
EMP1610,Employee_611,35,Female,IT,Systems Analyst,111072,9256,9,Bachelor's Degree,Married,3,2,3,Yes,9.7,1
EMP1611,Employee_612,59,Female,Human Resources,Manager,169044,14087,0,Bachelor's Degree,Divorced,3,2,2,Yes,27.0,1
EMP1612,Employee_613,33,Female,IT,Systems Analyst,105780,8815,5,Master's Degree,Married,2,3,3,No,21.0,0
EMP1613,Employee_614,55,Male,IT,Developer,118044,9837,6,PhD,Married,4,2,3,No,13.3,0
EMP1614,Employee_615,22,Male,Human Resources,Manager,135828,11319,4,Associate Degree,Single,3,1,3,No,6.5,0
EMP1615,Employee_616,42,Female,Sales,Manager,185256,15438,11,Associate Degree,Single,1,4,1,No,25.4,1
EMP1616,Employee_617,23,Male,Sales,Manager,131052,10921,4,Bachelor's Degree,Single,2,4,4,Yes,23.1,1
EMP1617,Employee_618,43,Male,Human Resources,HR Specialist,134292,11191,19,PhD,Divorced,3,3,4,Yes,7.5,0
EMP1618,Employee_619,52,Male,Research & Development,Manager,162768,13564,0,Master's Degree,Divorced,1,2,3,No,9.5,1
EMP1619,Employee_620,29,Female,Sales,Sales Representative,67704,5642,3,Master's Degree,Single,3,3,3,No,5.0,0
EMP1620,Employee_621,22,Male,Sales,Sales Executive,76860,6405,3,Associate Degree,Divorced,4,1,3,Yes,26.0,1
EMP1621,Employee_622,23,Female,Finance,Accountant,69324,5777,1,Associate Degree,Divorced,3,4,2,Yes,20.8,0
EMP1622,Employee_623,45,Male,Sales,Sales Executive,126036,10503,9,Bachelor's Degree,Married,3,3,4,No,23.7,0
EMP1623,Employee_624,22,Female,Human Resources,Manager,130392,10866,4,Bachelor's Degree,Married,4,3,3,Yes,4.5,0
EMP1624,Employee_625,27,Female,Research & Development,Manager,135588,11299,3,Associate Degree,Divorced,3,1,3,Yes,29.7,1
EMP1625,Employee_626,42,Male,Research & Development,Research Scientist,112452,9371,4,Bachelor's Degree,Married,3,3,4,Yes,14.0,1
EMP1626,Employee_627,56,Female,Sales,Manager,228396,19033,23,Associate Degree,Married,1,3,4,Yes,25.1,1
EMP1627,Employee_628,29,Female,Sales,Sales Executive,106272,8856,10,Associate Degree,Single,3,3,1,No,27.6,0
EMP1628,Employee_629,27,Female,IT,Systems Analyst,103728,8644,8,Bachelor's Degree,Married,2,4,4,No,25.4,0
EMP1629,Employee_630,44,Female,IT,Developer,87888,7324,0,Bachelor's Degree,Single,3,4,4,No,27.5,1
EMP1630,Employee_631,44,Female,Sales,Sales Executive,109656,9138,4,Associate Degree,Married,3,4,2,No,29.2,0
EMP1631,Employee_632,41,Female,Sales,Sales Executive,113208,9434,6,Associate Degree,Married,4,3,4,Yes,17.7,1
EMP1632,Employee_633,49,Female,IT,Developer,133512,11126,12,High School,Married,2,2,3,No,10.6,0
EMP1633,Employee_634,28,Female,IT,Systems Analyst,107088,8924,10,High School,Married,3,4,3,No,24.6,0
EMP1634,Employee_635,26,Male,Sales,Sales Executive,83112,6926,5,Bachelor's Degree,Married,4,3,3,No,9.0,0
EMP1635,Employee_636,27,Male,Research & Development,Research Scientist,91572,7631,4,Bachelor's Degree,Divorced,3,4,3,Yes,3.1,1
EMP1636,Employee_637,49,Male,Human Resources,HR Specialist,118752,9896,9,Associate Degree,Single,3,4,2,Yes,22.4,1
EMP1637,Employee_638,45,Female,Research & Development,Research Scientist,148188,12349,13,Associate Degree,Married,1,1,3,No,19.7,1
EMP1638,Employee_639,50,Male,Sales,Sales Representative,143400,11950,21,Bachelor's Degree,Single,3,1,2,Yes,17.9,0
EMP1639,Employee_640,38,Male,Research & Development,Laboratory Technician,118704,9892,15,Bachelor's Degree,Single,4,3,2,No,13.2,1
EMP1640,Employee_641,45,Female,Research & Development,Manager,205572,17131,18,Bachelor's Degree,Single,2,3,3,Yes,20.3,0
EMP1641,Employee_642,21,Male,Research & Development,Research Scientist,84228,7019,3,High School,Single,2,3,3,Yes,21.0,0
EMP1642,Employee_643,37,Female,IT,Developer,109680,9140,10,High School,Married,2,3,3,No,21.7,0
EMP1643,Employee_644,42,Female,IT,Developer,93324,7777,2,Master's Degree,Married,4,4,3,No,1.7,0
EMP1644,Employee_645,55,Male,IT,Manager,210384,17532,18,Associate Degree,Married,3,3,3,No,25.7,0
EMP1645,Employee_646,22,Male,Research & Development,Manager,126528,10544,0,High School,Married,2,1,4,Yes,7.8,1
EMP1646,Employee_647,24,Male,Sales,Manager,125160,10430,2,Associate Degree,Divorced,3,3,3,No,7.9,0
EMP1647,Employee_648,21,Male,Human Resources,HR Manager,94392,7866,0,High School,Married,4,3,4,No,16.7,0
EMP1648,Employee_649,23,Male,Research & Development,Laboratory Technician,65172,5431,5,Associate Degree,Married,4,2,4,No,16.3,0
EMP1649,Employee_650,54,Female,Human Resources,HR Specialist,153624,12802,18,Associate Degree,Married,2,4,3,Yes,26.1,1
EMP1650,Employee_651,59,Male,Sales,Sales Executive,132924,11077,7,Bachelor's Degree,Married,2,1,1,Yes,5.0,1
EMP1651,Employee_652,47,Female,Research & Development,Research Scientist,130488,10874,6,Bachelor's Degree,Single,2,3,3,No,18.4,0
EMP1652,Employee_653,41,Female,Finance,Accountant,131340,10945,16,Bachelor's Degree,Married,3,3,3,No,15.9,0
EMP1653,Employee_654,46,Male,Sales,Manager,160848,13404,5,Bachelor's Degree,Single,3,4,3,Yes,15.2,0
EMP1654,Employee_655,20,Male,Research & Development,Manager,128544,10712,2,Associate Degree,Married,3,3,3,No,20.4,0
EMP1655,Employee_656,42,Male,Human Resources,Manager,210864,17572,21,Bachelor's Degree,Single,4,2,4,No,3.3,0
EMP1656,Employee_657,39,Female,Research & Development,Manager,155148,12929,5,Bachelor's Degree,Married,4,3,4,Yes,13.9,0
EMP1657,Employee_658,29,Female,Sales,Sales Executive,109344,9112,11,Associate Degree,Divorced,4,2,2,No,22.1,0
EMP1658,Employee_659,57,Male,Research & Development,Manager,195648,16304,10,Master's Degree,Divorced,2,2,3,No,2.1,0
EMP1659,Employee_660,48,Female,Research & Development,Manager,211680,17640,18,Bachelor's Degree,Single,4,1,3,Yes,8.5,1
EMP1660,Employee_661,32,Male,Finance,Manager,152556,12713,7,Bachelor's Degree,Divorced,4,2,3,No,10.0,0
EMP1661,Employee_662,49,Female,Sales,Sales Representative,79380,6615,1,Bachelor's Degree,Divorced,3,2,3,Yes,19.2,1
EMP1662,Employee_663,48,Male,Sales,Sales Executive,104688,8724,1,Bachelor's Degree,Divorced,3,4,3,Yes,21.1,1
EMP1663,Employee_664,27,Female,Finance,Accountant,93732,7811,9,Associate Degree,Divorced,3,3,3,No,8.2,0
EMP1664,Employee_665,27,Male,Human Resources,HR Manager,128652,10721,8,Bachelor's Degree,Divorced,2,1,4,No,4.2,0
EMP1665,Employee_666,26,Male,Research & Development,Manager,130320,10860,0,Master's Degree,Married,4,1,2,No,3.9,0
EMP1666,Employee_667,51,Male,Sales,Sales Representative,101844,8487,7,Master's Degree,Married,3,3,3,No,7.8,0
EMP1667,Employee_668,40,Male,IT,Developer,136032,11336,19,High School,Single,3,3,3,No,17.5,0
EMP1668,Employee_669,53,Female,Sales,Manager,212232,17686,16,Bachelor's Degree,Married,3,4,3,No,23.6,0
EMP1669,Employee_670,29,Female,Sales,Sales Representative,73296,6108,5,Master's Degree,Divorced,3,4,3,No,4.9,0
EMP1670,Employee_671,45,Female,Research & Development,Manager,177324,14777,9,Bachelor's Degree,Married,3,3,3,No,6.8,0
EMP1671,Employee_672,36,Female,Finance,Manager,182076,15173,15,Associate Degree,Married,3,4,4,No,18.3,0
EMP1672,Employee_673,51,Female,Research & Development,Manager,155784,12982,1,Master's Degree,Single,3,4,3,No,23.6,0
EMP1673,Employee_674,28,Male,IT,Systems Analyst,83832,6986,2,Associate Degree,Married,2,3,3,No,2.1,0
EMP1674,Employee_675,44,Male,IT,Manager,200016,16668,19,Master's Degree,Married,3,1,3,No,15.5,0
EMP1675,Employee_676,50,Male,Sales,Manager,214968,17914,18,Bachelor's Degree,Married,3,3,2,No,4.1,0
EMP1676,Employee_677,25,Male,IT,Developer,82992,6916,6,Bachelor's Degree,Single,4,1,3,Yes,1.2,1
EMP1677,Employee_678,36,Male,IT,Systems Analyst,141792,11816,16,Bachelor's Degree,Married,3,2,3,Yes,21.2,1
EMP1678,Employee_679,43,Female,Sales,Sales Representative,75996,6333,4,Associate Degree,Single,2,2,2,No,11.9,0
EMP1679,Employee_680,39,Male,Sales,Sales Executive,134628,11219,15,High School,Married,2,2,3,No,15.7,0
EMP1680,Employee_681,53,Male,IT,Developer,127584,10632,9,Bachelor's Degree,Single,1,3,3,No,29.3,1
EMP1681,Employee_682,48,Female,Finance,Financial Analyst,110004,9167,3,Bachelor's Degree,Single,3,2,3,Yes,2.4,1
EMP1682,Employee_683,24,Male,Research & Development,Manager,137580,11465,3,Bachelor's Degree,Single,2,2,4,No,24.3,1
EMP1683,Employee_684,59,Male,IT,Manager,240072,20006,25,Bachelor's Degree,Married,3,2,3,Yes,27.1,1
EMP1684,Employee_685,26,Female,IT,Systems Analyst,108348,9029,8,Associate Degree,Married,2,1,3,Yes,19.8,1
EMP1685,Employee_686,28,Male,Sales,Manager,157788,13149,9,Bachelor's Degree,Divorced,3,3,3,No,20.5,0
EMP1686,Employee_687,31,Female,IT,Developer,112932,9411,12,Bachelor's Degree,Married,2,3,1,Yes,23.9,1
EMP1687,Employee_688,38,Female,Sales,Sales Representative,100428,8369,12,Bachelor's Degree,Married,3,4,2,No,25.9,0
EMP1688,Employee_689,46,Female,IT,Systems Analyst,113496,9458,4,Bachelor's Degree,Single,4,1,4,No,2.9,0
EMP1689,Employee_690,25,Male,Finance,Manager,140268,11689,3,Bachelor's Degree,Divorced,3,3,4,No,28.3,0
EMP1690,Employee_691,35,Male,IT,Systems Analyst,124020,10335,11,Master's Degree,Single,4,3,4,Yes,26.3,1
EMP1691,Employee_692,31,Female,Sales,Sales Representative,81744,6812,10,Associate Degree,Married,2,1,3,No,5.6,1
EMP1692,Employee_693,47,Female,Sales,Manager,153708,12809,0,Master's Degree,Divorced,3,3,3,No,14.8,0
EMP1693,Employee_694,46,Female,Sales,Sales Executive,162492,13541,23,Bachelor's Degree,Married,3,2,4,No,20.2,0
EMP1694,Employee_695,26,Male,Finance,Financial Analyst,81828,6819,3,PhD,Single,4,4,3,No,18.1,0
EMP1695,Employee_696,45,Female,IT,Developer,143712,11976,17,Associate Degree,Married,4,3,3,No,15.8,0
EMP1696,Employee_697,45,Female,IT,Developer,92220,7685,2,Bachelor's Degree,Divorced,4,3,3,No,12.0,0
EMP1697,Employee_698,24,Male,IT,Manager,138468,11539,4,Associate Degree,Married,2,4,3,No,2.9,0
EMP1698,Employee_699,39,Male,IT,Developer,110892,9241,9,Bachelor's Degree,Single,4,3,2,No,6.2,0
EMP1699,Employee_700,34,Female,Research & Development,Manager,145116,12093,2,Bachelor's Degree,Married,3,3,3,Yes,25.5,1
EMP1700,Employee_701,49,Male,IT,Systems Analyst,174048,14504,22,Bachelor's Degree,Married,2,3,4,No,7.4,0
EMP1701,Employee_702,41,Male,Sales,Sales Executive,129732,10811,12,Associate Degree,Married,1,2,2,No,4.2,0
EMP1702,Employee_703,33,Female,IT,Developer,110976,9248,12,Master's Degree,Single,3,2,2,No,26.2,0
EMP1703,Employee_704,34,Male,IT,Manager,147924,12327,5,PhD,Single,2,4,2,No,1.0,0
EMP1704,Employee_705,26,Female,Sales,Sales Executive,76776,6398,1,Associate Degree,Single,3,2,3,No,8.6,1
EMP1705,Employee_706,45,Female,Finance,Manager,206208,17184,20,Bachelor's Degree,Single,3,1,3,No,19.4,1
EMP1706,Employee_707,47,Male,Finance,Financial Analyst,176700,14725,23,PhD,Single,3,4,3,Yes,24.7,1
EMP1707,Employee_708,42,Female,Research & Development,Manager,188712,15726,16,PhD,Single,1,3,3,No,13.0,0
EMP1708,Employee_709,28,Male,IT,Developer,102468,8539,9,Bachelor's Degree,Married,4,2,3,No,15.1,0
EMP1709,Employee_710,21,Female,Human Resources,HR Manager,103260,8605,3,High School,Divorced,3,2,4,Yes,11.0,1
EMP1710,Employee_711,36,Male,Finance,Manager,184944,15412,14,Bachelor's Degree,Single,3,3,3,Yes,10.0,0
EMP1711,Employee_712,56,Male,Human Resources,HR Manager,197976,16498,20,Bachelor's Degree,Married,3,2,3,No,21.7,0
EMP1712,Employee_713,29,Female,Sales,Sales Representative,82020,6835,9,Bachelor's Degree,Married,3,4,3,No,27.2,0
EMP1713,Employee_714,20,Female,Research & Development,Laboratory Technician,47712,3976,0,Bachelor's Degree,Single,3,3,3,Yes,11.0,1
EMP1714,Employee_715,54,Male,Sales,Manager,197964,16497,14,Master's Degree,Married,3,3,3,No,11.4,0
EMP1715,Employee_716,26,Male,IT,Manager,125496,10458,1,Associate Degree,Married,2,3,2,No,11.8,0
EMP1716,Employee_717,38,Female,Research & Development,Laboratory Technician,90900,7575,9,Master's Degree,Single,1,3,2,Yes,1.4,1
EMP1717,Employee_718,23,Male,Sales,Sales Representative,56472,4706,2,High School,Single,1,1,4,No,21.6,1
EMP1718,Employee_719,36,Female,Human Resources,Manager,147060,12255,4,Bachelor's Degree,Married,3,1,1,No,18.6,0
EMP1719,Employee_720,36,Female,Sales,Manager,183168,15264,16,Bachelor's Degree,Divorced,2,2,3,No,27.9,0
EMP1720,Employee_721,34,Female,Research & Development,Laboratory Technician,105768,8814,15,Bachelor's Degree,Single,3,4,3,No,13.4,0
EMP1721,Employee_722,55,Male,Finance,Accountant,142272,11856,11,Bachelor's Degree,Married,2,3,3,No,25.1,0
EMP1722,Employee_723,27,Female,Sales,Manager,134580,11215,1,Bachelor's Degree,Single,3,3,3,Yes,3.3,1
EMP1723,Employee_724,31,Female,Sales,Sales Executive,84684,7057,2,Bachelor's Degree,Married,2,2,4,Yes,18.7,1
EMP1724,Employee_725,57,Female,Finance,Accountant,168912,14076,20,Bachelor's Degree,Married,3,2,2,Yes,24.4,1
EMP1725,Employee_726,28,Male,Sales,Sales Representative,68952,5746,6,Master's Degree,Divorced,2,1,3,No,21.4,1
EMP1726,Employee_727,45,Male,Sales,Sales Executive,127428,10619,9,Bachelor's Degree,Married,4,3,2,Yes,22.2,1
EMP1727,Employee_728,39,Female,Sales,Sales Representative,113028,9419,18,Bachelor's Degree,Single,3,1,3,No,15.3,0
EMP1728,Employee_729,24,Male,IT,Manager,124872,10406,2,Associate Degree,Single,1,2,3,No,2.1,1
EMP1729,Employee_730,22,Male,IT,Manager,124608,10384,1,PhD,Single,4,3,3,No,13.1,0
EMP1730,Employee_731,46,Female,IT,Manager,186924,15577,12,Master's Degree,Married,3,1,4,No,17.9,1
EMP1731,Employee_732,21,Female,Sales,Sales Representative,38244,3187,0,Associate Degree,Single,3,3,2,Yes,19.9,1
EMP1732,Employee_733,27,Male,IT,Systems Analyst,99552,8296,6,Bachelor's Degree,Married,4,4,3,No,7.9,0
EMP1733,Employee_734,22,Female,Research & Development,Research Scientist,82596,6883,3,Bachelor's Degree,Married,2,4,2,Yes,20.5,1
EMP1734,Employee_735,50,Male,Research & Development,Research Scientist,156276,13023,14,Master's Degree,Divorced,3,3,3,No,24.5,0
EMP1735,Employee_736,49,Female,IT,Developer,120444,10037,8,Master's Degree,Single,2,3,2,No,2.5,0
EMP1736,Employee_737,39,Female,Human Resources,HR Specialist,87036,7253,5,Bachelor's Degree,Married,4,4,3,No,29.6,0
EMP1737,Employee_738,36,Male,Finance,Financial Analyst,106608,8884,4,Bachelor's Degree,Divorced,1,3,3,No,19.9,1
EMP1738,Employee_739,31,Male,Human Resources,HR Manager,144924,12077,13,Associate Degree,Single,3,3,3,Yes,24.1,1
EMP1739,Employee_740,54,Female,Research & Development,Laboratory Technician,98148,8179,4,Bachelor's Degree,Divorced,2,3,4,Yes,28.0,1
EMP1740,Employee_741,57,Male,Sales,Sales Representative,112296,9358,9,High School,Divorced,3,3,1,Yes,25.7,1
EMP1741,Employee_742,40,Male,IT,Developer,94332,7861,3,Bachelor's Degree,Married,3,1,3,Yes,18.3,1
EMP1742,Employee_743,32,Male,Finance,Accountant,105264,8772,10,Associate Degree,Married,4,3,3,No,18.7,0
EMP1743,Employee_744,20,Male,Sales,Manager,121080,10090,0,Bachelor's Degree,Single,4,1,4,No,5.8,1
EMP1744,Employee_745,34,Female,Sales,Sales Executive,92016,7668,4,Bachelor's Degree,Married,1,3,2,No,17.8,0
EMP1745,Employee_746,25,Male,IT,Systems Analyst,86844,7237,2,Bachelor's Degree,Married,2,3,4,Yes,24.0,1
EMP1746,Employee_747,57,Female,Sales,Sales Representative,156360,13030,25,Bachelor's Degree,Divorced,3,3,2,No,11.6,0
EMP1747,Employee_748,31,Female,Sales,Sales Representative,52500,4375,1,Associate Degree,Divorced,3,3,3,No,13.1,0
EMP1748,Employee_749,29,Female,Sales,Manager,135720,11310,0,High School,Married,2,3,3,No,11.4,0
EMP1749,Employee_750,47,Female,IT,Developer,129636,10803,11,Bachelor's Degree,Married,3,4,3,Yes,1.9,0
EMP1750,Employee_751,43,Male,IT,Developer,158256,13188,24,Bachelor's Degree,Married,3,4,3,No,21.5,0
EMP1751,Employee_752,24,Female,Sales,Sales Representative,55800,4650,4,Bachelor's Degree,Single,4,3,3,No,15.1,0
EMP1752,Employee_753,41,Female,IT,Manager,173784,14482,9,Bachelor's Degree,Married,3,4,3,No,6.5,0
EMP1753,Employee_754,48,Female,Sales,Sales Representative,107016,8918,11,Bachelor's Degree,Married,4,4,3,No,29.6,0
EMP1754,Employee_755,51,Male,Sales,Sales Representative,149988,12499,23,Bachelor's Degree,Divorced,3,3,3,Yes,28.2,1
EMP1755,Employee_756,52,Male,Sales,Sales Representative,106176,8848,7,Bachelor's Degree,Married,3,4,3,Yes,12.7,1
EMP1756,Employee_757,56,Male,IT,Systems Analyst,138792,11566,9,Bachelor's Degree,Divorced,3,2,3,No,24.7,0
EMP1757,Employee_758,56,Female,Finance,Financial Analyst,120552,10046,2,Bachelor's Degree,Divorced,2,2,3,No,24.8,1
EMP1758,Employee_759,43,Female,Human Resources,HR Specialist,161064,13422,25,Bachelor's Degree,Married,1,1,2,No,18.1,1
EMP1759,Employee_760,36,Female,Finance,Financial Analyst,110196,9183,8,Bachelor's Degree,Married,1,4,4,No,28.7,0
EMP1760,Employee_761,25,Male,IT,Systems Analyst,76416,6368,0,Bachelor's Degree,Divorced,4,1,3,No,13.0,1
EMP1761,Employee_762,22,Female,IT,Systems Analyst,71880,5990,0,Bachelor's Degree,Divorced,3,3,3,Yes,24.1,1
EMP1762,Employee_763,59,Female,Sales,Sales Executive,147540,12295,12,High School,Single,3,4,4,No,8.7,0
EMP1763,Employee_764,44,Female,IT,Manager,172620,14385,9,Bachelor's Degree,Single,2,3,2,Yes,24.1,1
EMP1764,Employee_765,32,Female,Sales,Sales Representative,100020,8335,14,Bachelor's Degree,Married,2,2,1,No,15.2,0
EMP1765,Employee_766,48,Male,Sales,Manager,221028,18419,24,Bachelor's Degree,Divorced,3,4,3,Yes,8.6,0
EMP1766,Employee_767,38,Male,Sales,Sales Representative,90540,7545,7,PhD,Married,3,3,3,No,16.1,0
EMP1767,Employee_768,36,Male,Sales,Sales Executive,131004,10917,15,Master's Degree,Divorced,3,4,3,No,24.7,0
EMP1768,Employee_769,55,Female,Sales,Sales Executive,152796,12733,15,Bachelor's Degree,Married,4,4,4,No,28.5,1
EMP1769,Employee_770,52,Male,IT,Systems Analyst,186684,15557,25,Bachelor's Degree,Single,2,3,3,No,15.3,0
EMP1770,Employee_771,44,Female,Research & Development,Research Scientist,125316,10443,7,High School,Married,4,2,3,No,19.8,0
EMP1771,Employee_772,36,Female,Sales,Manager,177840,14820,14,Associate Degree,Married,2,3,3,No,11.9,0
EMP1772,Employee_773,25,Female,Human Resources,Manager,120672,10056,0,Bachelor's Degree,Married,3,2,4,No,14.7,0
EMP1773,Employee_774,35,Male,Research & Development,Research Scientist,119064,9922,8,Bachelor's Degree,Single,3,4,3,Yes,25.2,1
EMP1774,Employee_775,40,Female,Research & Development,Laboratory Technician,106236,8853,13,High School,Single,3,3,4,No,8.1,0
EMP1775,Employee_776,27,Male,Sales,Sales Representative,54240,4520,3,Bachelor's Degree,Single,3,4,3,Yes,1.9,1
EMP1776,Employee_777,27,Female,Sales,Sales Executive,91788,7649,4,Bachelor's Degree,Single,2,3,3,Yes,21.9,1
EMP1777,Employee_778,43,Male,IT,Manager,199848,16654,16,Bachelor's Degree,Single,2,1,2,Yes,10.1,1
EMP1778,Employee_779,44,Female,IT,Developer,129384,10782,15,Bachelor's Degree,Married,3,2,3,No,3.1,0
EMP1779,Employee_780,53,Male,IT,Manager,214272,17856,20,PhD,Married,4,4,2,No,25.5,0
EMP1780,Employee_781,36,Female,IT,Systems Analyst,130344,10862,15,Bachelor's Degree,Single,1,3,4,No,14.2,1
EMP1781,Employee_782,51,Female,Finance,Accountant,165360,13780,21,Associate Degree,Single,3,1,4,No,13.7,0
EMP1782,Employee_783,50,Female,Finance,Accountant,101580,8465,3,High School,Married,2,3,4,No,8.5,0
EMP1783,Employee_784,27,Female,Research & Development,Research Scientist,97980,8165,6,Associate Degree,Divorced,2,1,3,Yes,26.5,1
EMP1784,Employee_785,54,Female,IT,Developer,124980,10415,7,High School,Married,2,3,4,No,19.5,0
EMP1785,Employee_786,58,Female,IT,Developer,151524,12627,17,PhD,Married,4,3,2,No,28.6,0
EMP1786,Employee_787,57,Male,Sales,Manager,214968,17914,17,Bachelor's Degree,Single,3,2,3,No,21.2,0
EMP1787,Employee_788,32,Female,IT,Systems Analyst,114084,9507,11,Master's Degree,Divorced,3,2,3,No,14.5,0
EMP1788,Employee_789,48,Male,Human Resources,HR Manager,155796,12983,8,High School,Single,2,2,3,No,2.0,0
EMP1789,Employee_790,24,Male,Research & Development,Manager,147168,12264,6,Bachelor's Degree,Married,4,2,3,No,21.4,0
EMP1790,Employee_791,49,Female,Research & Development,Research Scientist,144348,12029,11,Bachelor's Degree,Married,3,2,4,No,16.5,0
EMP1791,Employee_792,34,Female,IT,Systems Analyst,111396,9283,9,Associate Degree,Divorced,2,1,3,No,21.8,1
EMP1792,Employee_793,40,Male,IT,Systems Analyst,109176,9098,3,Master's Degree,Divorced,2,3,3,No,11.3,0
EMP1793,Employee_794,42,Female,IT,Manager,187632,15636,12,High School,Divorced,2,4,3,No,27.4,0
EMP1794,Employee_795,23,Male,Research & Development,Research Scientist,89052,7421,4,Associate Degree,Single,4,4,3,Yes,27.2,1
EMP1795,Employee_796,43,Male,Sales,Sales Executive,127476,10623,12,Associate Degree,Married,3,4,3,No,12.2,0
EMP1796,Employee_797,38,Female,Human Resources,Manager,165948,13829,9,Associate Degree,Married,3,1,1,No,6.8,0
EMP1797,Employee_798,59,Female,IT,Manager,230700,19225,23,Bachelor's Degree,Single,3,2,3,No,25.2,0
EMP1798,Employee_799,29,Male,Research & Development,Manager,160524,13377,9,Bachelor's Degree,Married,4,3,3,Yes,28.0,1
EMP1799,Employee_800,33,Female,Finance,Financial Analyst,89700,7475,2,Associate Degree,Single,2,3,3,No,14.2,1
EMP1800,Employee_801,49,Male,Sales,Sales Executive,115476,9623,3,Bachelor's Degree,Married,3,3,3,No,10.1,0
EMP1801,Employee_802,20,Female,Human Resources,Manager,126216,10518,1,Associate Degree,Single,3,4,2,Yes,23.2,1
EMP1802,Employee_803,52,Male,Research & Development,Research Scientist,152148,12679,13,Bachelor's Degree,Single,3,3,3,Yes,6.0,0
EMP1803,Employee_804,36,Female,Sales,Sales Representative,109788,9149,18,Associate Degree,Married,3,3,3,Yes,8.9,0
EMP1804,Employee_805,27,Female,Sales,Sales Representative,68280,5690,5,Bachelor's Degree,Single,4,2,3,No,4.8,0
EMP1805,Employee_806,37,Female,Sales,Sales Representative,87372,7281,7,High School,Married,4,3,3,No,13.3,0
EMP1806,Employee_807,32,Male,IT,Manager,158652,13221,9,Bachelor's Degree,Divorced,2,2,4,Yes,23.3,1
EMP1807,Employee_808,28,Male,Research & Development,Laboratory Technician,87564,7297,10,PhD,Single,4,4,2,No,7.2,0
EMP1808,Employee_809,53,Male,Sales,Sales Representative,101304,8442,7,Bachelor's Degree,Single,2,3,4,Yes,8.4,1
EMP1809,Employee_810,47,Female,IT,Developer,141540,11795,16,High School,Married,1,3,3,No,3.3,0
EMP1810,Employee_811,20,Female,Research & Development,Laboratory Technician,49752,4146,0,Bachelor's Degree,Married,3,3,3,Yes,6.8,1
EMP1811,Employee_812,23,Female,Research & Development,Manager,121536,10128,1,Associate Degree,Married,3,1,3,No,26.5,1
EMP1812,Employee_813,29,Male,Sales,Manager,131196,10933,1,Associate Degree,Married,1,3,3,No,17.7,0
EMP1813,Employee_814,41,Male,Finance,Financial Analyst,158688,13224,21,Associate Degree,Single,3,4,4,No,4.4,0
EMP1814,Employee_815,20,Male,Sales,Sales Representative,43776,3648,2,Bachelor's Degree,Divorced,4,3,4,No,27.2,1
EMP1815,Employee_816,27,Male,Research & Development,Research Scientist,109704,9142,8,Associate Degree,Married,3,3,3,No,20.3,0
EMP1816,Employee_817,59,Male,IT,Systems Analyst,117684,9807,1,Bachelor's Degree,Single,3,3,3,No,8.6,0
EMP1817,Employee_818,53,Female,IT,Developer,180012,15001,25,Master's Degree,Married,2,3,3,Yes,9.1,0
EMP1818,Employee_819,47,Female,Finance,Financial Analyst,173928,14494,25,Associate Degree,Married,3,1,2,Yes,25.1,1
EMP1819,Employee_820,51,Female,Human Resources,HR Manager,192564,16047,19,Master's Degree,Divorced,3,1,3,Yes,11.7,1
EMP1820,Employee_821,41,Female,Sales,Sales Executive,149436,12453,20,High School,Single,2,3,3,No,1.6,0
EMP1821,Employee_822,50,Female,IT,Manager,220032,18336,22,Associate Degree,Divorced,4,3,3,No,4.1,0
EMP1822,Employee_823,51,Female,IT,Developer,100752,8396,3,High School,Divorced,3,3,3,No,8.8,0
EMP1823,Employee_824,47,Female,Finance,Financial Analyst,125052,10421,8,Bachelor's Degree,Married,3,3,3,No,7.8,0
EMP1824,Employee_825,58,Female,IT,Manager,174372,14531,1,Associate Degree,Married,3,4,3,No,28.0,0
EMP1825,Employee_826,42,Male,Sales,Manager,196620,16385,16,Bachelor's Degree,Married,2,2,1,No,26.2,0
EMP1826,Employee_827,54,Female,Research & Development,Research Scientist,167556,13963,16,Bachelor's Degree,Divorced,2,3,3,No,5.3,0
EMP1827,Employee_828,56,Female,Research & Development,Research Scientist,132060,11005,5,Bachelor's Degree,Married,4,4,3,No,19.7,0
EMP1828,Employee_829,53,Male,Sales,Sales Executive,170232,14186,20,Bachelor's Degree,Married,4,3,3,No,29.0,0
EMP1829,Employee_830,35,Male,IT,Developer,126960,10580,16,Bachelor's Degree,Single,4,4,3,No,29.3,0
EMP1830,Employee_831,49,Male,IT,Manager,196572,16381,13,Master's Degree,Single,2,3,1,No,17.2,0
EMP1831,Employee_832,35,Male,Sales,Sales Representative,92184,7682,12,Master's Degree,Married,3,4,3,No,6.4,0
EMP1832,Employee_833,27,Male,Human Resources,HR Specialist,65556,5463,3,Bachelor's Degree,Single,4,4,3,No,15.6,0
EMP1833,Employee_834,58,Female,IT,Systems Analyst,149412,12451,9,Bachelor's Degree,Married,3,3,3,No,1.6,0
EMP1834,Employee_835,37,Female,IT,Developer,122052,10171,13,Associate Degree,Married,2,2,3,No,29.0,0
EMP1835,Employee_836,53,Female,Finance,Accountant,145896,12158,14,Bachelor's Degree,Divorced,2,2,3,No,8.6,0
EMP1836,Employee_837,34,Male,Human Resources,HR Manager,136800,11400,7,Associate Degree,Married,3,3,1,No,1.3,0
EMP1837,Employee_838,21,Female,Sales,Sales Representative,56460,4705,3,Bachelor's Degree,Single,3,1,3,No,4.1,1
EMP1838,Employee_839,50,Female,Research & Development,Research Scientist,141084,11757,11,Associate Degree,Married,4,4,4,Yes,11.7,0
EMP1839,Employee_840,37,Male,IT,Developer,131376,10948,15,Associate Degree,Single,4,4,3,Yes,7.6,0
EMP1840,Employee_841,38,Female,Human Resources,Manager,141120,11760,0,High School,Married,1,3,3,No,13.9,0
EMP1841,Employee_842,34,Male,Sales,Sales Representative,74256,6188,7,Bachelor's Degree,Single,2,3,4,No,13.9,0
EMP1842,Employee_843,55,Female,Human Resources,HR Specialist,100848,8404,3,Associate Degree,Single,3,3,4,Yes,20.7,1
EMP1843,Employee_844,54,Female,IT,Developer,120852,10071,7,Bachelor's Degree,Married,3,1,4,Yes,23.9,1
EMP1844,Employee_845,26,Female,Finance,Financial Analyst,94656,7888,4,PhD,Divorced,2,2,3,No,5.8,0
EMP1845,Employee_846,41,Male,Finance,Financial Analyst,99612,8301,0,Bachelor's Degree,Married,4,2,3,No,8.6,0
EMP1846,Employee_847,38,Male,IT,Systems Analyst,122448,10204,11,Master's Degree,Married,2,3,3,No,10.8,0
EMP1847,Employee_848,21,Female,Finance,Accountant,73704,6142,3,Master's Degree,Married,2,4,3,Yes,20.3,1
EMP1848,Employee_849,26,Female,Research & Development,Manager,144768,12064,4,Master's Degree,Married,3,3,3,No,12.5,0
EMP1849,Employee_850,46,Female,Research & Development,Research Scientist,163512,13626,21,Bachelor's Degree,Married,4,3,4,No,13.5,0
EMP1850,Employee_851,27,Male,Human Resources,Manager,142200,11850,5,PhD,Single,4,3,3,No,26.6,0
EMP1851,Employee_852,41,Female,Research & Development,Manager,160488,13374,5,Master's Degree,Divorced,1,1,1,No,3.3,1
EMP1852,Employee_853,31,Female,IT,Manager,148776,12398,7,PhD,Single,2,3,3,Yes,14.9,1
EMP1853,Employee_854,35,Male,IT,Developer,124200,10350,14,PhD,Married,3,3,3,No,17.0,0
EMP1854,Employee_855,44,Female,IT,Systems Analyst,109980,9165,5,Bachelor's Degree,Divorced,4,3,4,No,22.4,0
EMP1855,Employee_856,45,Female,Sales,Manager,210516,17543,19,Bachelor's Degree,Married,1,3,3,No,4.1,0
EMP1856,Employee_857,57,Female,IT,Manager,184188,15349,7,Bachelor's Degree,Married,2,3,3,No,12.1,0
EMP1857,Employee_858,47,Male,Sales,Manager,184272,15356,10,Bachelor's Degree,Divorced,4,3,3,Yes,15.3,0
EMP1858,Employee_859,29,Female,IT,Systems Analyst,93612,7801,4,Bachelor's Degree,Married,4,4,3,No,29.3,0
EMP1859,Employee_860,53,Female,Sales,Sales Executive,114864,9572,5,Bachelor's Degree,Married,4,2,2,Yes,9.1,1
EMP1860,Employee_861,37,Female,Finance,Financial Analyst,92616,7718,0,Bachelor's Degree,Single,3,4,2,No,9.4,0
EMP1861,Employee_862,25,Male,Finance,Financial Analyst,70404,5867,0,Bachelor's Degree,Single,4,3,3,No,9.5,0
EMP1862,Employee_863,35,Male,Human Resources,Manager,153132,12761,6,PhD,Married,4,4,3,Yes,13.6,0
EMP1863,Employee_864,27,Female,Human Resources,HR Specialist,87420,7285,8,Bachelor's Degree,Married,4,2,3,No,1.0,0
EMP1864,Employee_865,32,Female,Sales,Sales Executive,87720,7310,4,High School,Married,2,4,3,No,16.2,0
EMP1865,Employee_866,51,Male,Human Resources,HR Manager,205632,17136,23,Bachelor's Degree,Single,4,3,3,Yes,20.8,1
EMP1866,Employee_867,38,Male,IT,Systems Analyst,139164,11597,16,Bachelor's Degree,Married,3,4,3,Yes,25.6,1
EMP1867,Employee_868,39,Female,IT,Systems Analyst,130656,10888,12,Bachelor's Degree,Single,2,4,2,No,14.4,0
EMP1868,Employee_869,28,Female,Human Resources,Manager,147288,12274,7,Master's Degree,Married,3,2,3,No,8.3,0
EMP1869,Employee_870,28,Female,Research & Development,Manager,140868,11739,5,Associate Degree,Divorced,4,1,4,Yes,29.8,1
EMP1870,Employee_871,49,Male,Research & Development,Laboratory Technician,144432,12036,19,Bachelor's Degree,Single,1,2,4,No,9.8,1
EMP1871,Employee_872,57,Female,Finance,Financial Analyst,189120,15760,25,Bachelor's Degree,Married,2,4,2,No,12.9,0
EMP1872,Employee_873,38,Female,IT,Manager,176820,14735,13,Bachelor's Degree,Single,2,4,4,No,25.9,0
EMP1873,Employee_874,41,Male,Sales,Sales Executive,157656,13138,21,Bachelor's Degree,Divorced,2,4,3,No,18.1,0
EMP1874,Employee_875,47,Female,IT,Manager,173988,14499,7,Associate Degree,Divorced,2,3,2,No,14.7,0
EMP1875,Employee_876,58,Female,Sales,Sales Executive,136164,11347,8,Bachelor's Degree,Married,3,3,2,No,25.9,0
EMP1876,Employee_877,28,Female,Research & Development,Manager,145944,12162,5,Bachelor's Degree,Married,3,3,2,No,22.7,0
EMP1877,Employee_878,47,Female,Research & Development,Laboratory Technician,149544,12462,24,Associate Degree,Married,3,1,1,Yes,15.4,1
EMP1878,Employee_879,41,Female,Sales,Manager,189192,15766,14,Bachelor's Degree,Single,4,3,3,No,7.4,0
EMP1879,Employee_880,55,Male,Sales,Sales Executive,156912,13076,15,Bachelor's Degree,Single,3,3,3,No,16.3,0
EMP1880,Employee_881,53,Male,Sales,Sales Executive,145740,12145,14,Master's Degree,Divorced,3,3,3,No,28.1,0
EMP1881,Employee_882,36,Male,Sales,Manager,189996,15833,15,Bachelor's Degree,Married,3,3,3,Yes,8.5,0
EMP1882,Employee_883,39,Male,Research & Development,Manager,163368,13614,7,Bachelor's Degree,Single,2,4,3,No,9.3,0
EMP1883,Employee_884,53,Female,Sales,Sales Representative,111420,9285,9,Master's Degree,Single,4,4,2,Yes,4.7,0
EMP1884,Employee_885,47,Female,Sales,Sales Executive,151728,12644,16,Associate Degree,Married,3,3,3,Yes,29.5,1
EMP1885,Employee_886,58,Male,Research & Development,Laboratory Technician,128904,10742,13,Associate Degree,Married,2,1,3,Yes,9.3,1
EMP1886,Employee_887,39,Female,IT,Manager,162672,13556,7,Master's Degree,Single,1,3,3,No,16.2,0
EMP1887,Employee_888,44,Male,Sales,Manager,199584,16632,16,Bachelor's Degree,Single,2,4,3,Yes,6.7,1
EMP1888,Employee_889,25,Female,Sales,Sales Representative,50232,4186,1,Associate Degree,Divorced,2,3,3,No,18.6,1
EMP1889,Employee_890,38,Male,Research & Development,Research Scientist,121044,10087,7,Associate Degree,Single,3,2,2,Yes,22.5,1
EMP1890,Employee_891,51,Male,IT,Manager,197328,16444,15,Bachelor's Degree,Married,3,3,3,No,1.2,0
EMP1891,Employee_892,48,Male,Human Resources,HR Manager,169500,14125,13,Bachelor's Degree,Married,3,4,3,No,7.7,0
EMP1892,Employee_893,30,Male,Sales,Manager,160644,13387,11,Bachelor's Degree,Single,4,3,2,Yes,23.1,1
EMP1893,Employee_894,53,Male,Finance,Accountant,161568,13464,19,Bachelor's Degree,Single,4,1,3,No,19.7,1
EMP1894,Employee_895,50,Male,Human Resources,HR Manager,180696,15058,18,Bachelor's Degree,Married,3,3,1,Yes,28.7,1
EMP1895,Employee_896,57,Male,IT,Developer,164712,13726,20,Associate Degree,Divorced,3,1,3,No,16.9,0
EMP1896,Employee_897,53,Female,IT,Systems Analyst,175332,14611,21,Master's Degree,Married,4,4,2,No,25.8,0
EMP1897,Employee_898,33,Male,IT,Developer,72036,6003,0,Bachelor's Degree,Single,3,3,3,No,23.1,1
EMP1898,Employee_899,36,Female,IT,Developer,124116,10343,13,PhD,Single,4,3,4,No,25.5,0
EMP1899,Employee_900,40,Male,IT,Developer,138744,11562,18,Bachelor's Degree,Married,2,3,3,No,13.6,0
EMP1900,Employee_901,23,Male,Research & Development,Laboratory Technician,54732,4561,1,High School,Divorced,2,3,2,No,25.2,1
EMP1901,Employee_902,26,Male,Sales,Sales Representative,56160,4680,3,Bachelor's Degree,Divorced,4,3,3,No,12.9,0
EMP1902,Employee_903,27,Male,IT,Systems Analyst,102372,8531,9,Master's Degree,Divorced,3,2,3,No,15.4,1
EMP1903,Employee_904,32,Female,Sales,Sales Representative,56772,4731,2,Master's Degree,Single,2,3,3,No,26.3,0
EMP1904,Employee_905,21,Male,Sales,Sales Executive,64320,5360,1,Master's Degree,Married,4,4,4,No,8.0,0
EMP1905,Employee_906,54,Female,IT,Developer,162324,13527,19,PhD,Single,3,4,3,No,3.3,0
EMP1906,Employee_907,21,Female,Research & Development,Manager,123828,10319,1,Bachelor's Degree,Married,1,4,3,Yes,12.0,1
EMP1907,Employee_908,41,Male,Finance,Accountant,130056,10838,13,Bachelor's Degree,Single,2,3,3,No,26.6,0
EMP1908,Employee_909,49,Male,IT,Developer,168192,14016,24,High School,Single,4,3,3,No,20.7,0
EMP1909,Employee_910,27,Male,Research & Development,Manager,134652,11221,2,Bachelor's Degree,Married,2,3,3,No,27.6,0
EMP1910,Employee_911,22,Female,Sales,Sales Executive,71532,5961,1,Bachelor's Degree,Married,3,4,2,No,12.5,0
EMP1911,Employee_912,42,Female,IT,Manager,208596,17383,20,Bachelor's Degree,Single,1,3,3,No,2.0,0
EMP1912,Employee_913,58,Male,Finance,Accountant,171132,14261,21,Bachelor's Degree,Married,4,1,4,No,19.3,0
EMP1913,Employee_914,53,Male,Sales,Manager,184692,15391,7,High School,Married,4,3,2,No,23.3,0
EMP1914,Employee_915,52,Male,IT,Manager,201024,16752,16,Bachelor's Degree,Single,3,1,3,No,8.9,0
EMP1915,Employee_916,57,Female,Research & Development,Manager,169428,14119,1,Associate Degree,Married,3,3,3,No,2.3,0
EMP1916,Employee_917,54,Male,Sales,Sales Representative,96624,8052,3,Bachelor's Degree,Married,3,1,3,No,14.6,0
EMP1917,Employee_918,33,Female,Research & Development,Laboratory Technician,80016,6668,7,Bachelor's Degree,Single,1,4,1,Yes,1.3,1
EMP1918,Employee_919,25,Male,Sales,Sales Representative,56424,4702,1,Bachelor's Degree,Single,1,2,3,No,20.0,1
EMP1919,Employee_920,43,Female,Research & Development,Research Scientist,138864,11572,14,Master's Degree,Married,4,1,3,No,11.7,0
EMP1920,Employee_921,33,Female,Finance,Accountant,121356,10113,13,Master's Degree,Married,2,3,3,No,28.3,0
EMP1921,Employee_922,25,Male,IT,Manager,144252,12021,7,Associate Degree,Single,3,1,4,Yes,5.3,1
EMP1922,Employee_923,38,Female,Finance,Accountant,116412,9701,12,Associate Degree,Married,4,3,1,Yes,28.8,1
EMP1923,Employee_924,41,Female,Sales,Sales Representative,109296,9108,14,Associate Degree,Single,3,2,3,Yes,19.1,1
EMP1924,Employee_925,35,Male,IT,Developer,91020,7585,6,Bachelor's Degree,Single,1,4,3,No,17.9,1
EMP1925,Employee_926,23,Male,Sales,Sales Executive,75744,6312,2,Associate Degree,Married,3,3,4,No,23.7,0
EMP1926,Employee_927,24,Male,IT,Systems Analyst,84144,7012,4,Associate Degree,Married,4,2,3,Yes,6.2,1
EMP1927,Employee_928,40,Female,IT,Systems Analyst,165552,13796,22,Bachelor's Degree,Married,3,3,4,No,27.5,0
EMP1928,Employee_929,51,Female,Research & Development,Research Scientist,114732,9561,2,Bachelor's Degree,Single,3,3,3,No,1.9,0
EMP1929,Employee_930,24,Male,IT,Developer,76584,6382,5,Bachelor's Degree,Single,4,3,3,No,14.8,0
EMP1930,Employee_931,58,Male,Sales,Manager,242700,20225,24,Bachelor's Degree,Divorced,3,4,3,Yes,12.6,0
EMP1931,Employee_932,46,Male,IT,Manager,185688,15474,12,Master's Degree,Single,2,1,3,No,3.6,1
EMP1932,Employee_933,47,Male,IT,Systems Analyst,155988,12999,19,High School,Married,1,2,3,No,26.9,1
EMP1933,Employee_934,41,Male,Sales,Manager,190968,15914,17,Bachelor's Degree,Married,2,3,3,Yes,2.2,0
EMP1934,Employee_935,33,Female,Human Resources,HR Manager,120828,10069,3,Bachelor's Degree,Single,3,4,4,No,9.6,0
EMP1935,Employee_936,35,Female,Finance,Financial Analyst,132036,11003,14,Master's Degree,Divorced,4,4,1,No,4.8,1
EMP1936,Employee_937,53,Female,Finance,Accountant,143004,11917,13,Associate Degree,Married,4,3,3,Yes,25.0,1
EMP1937,Employee_938,27,Female,Sales,Sales Representative,73728,6144,9,Master's Degree,Single,3,4,4,No,5.9,0
EMP1938,Employee_939,28,Male,IT,Manager,135060,11255,2,Bachelor's Degree,Married,3,1,4,Yes,20.0,1
EMP1939,Employee_940,37,Female,IT,Manager,159060,13255,5,Bachelor's Degree,Married,4,2,4,No,13.2,0
EMP1940,Employee_941,56,Female,IT,Manager,197328,16444,11,Associate Degree,Single,3,3,3,Yes,7.6,0
EMP1941,Employee_942,20,Female,Sales,Manager,120264,10022,2,Bachelor's Degree,Married,4,2,3,No,11.3,0
EMP1942,Employee_943,34,Female,Sales,Sales Executive,97920,8160,6,Bachelor's Degree,Married,4,3,3,No,14.1,0
EMP1943,Employee_944,28,Male,Finance,Accountant,97392,8116,7,Associate Degree,Divorced,3,1,3,No,24.9,1
EMP1944,Employee_945,40,Male,Research & Development,Laboratory Technician,77412,6451,1,Associate Degree,Married,3,3,3,No,3.3,0
EMP1945,Employee_946,39,Male,Research & Development,Laboratory Technician,111456,9288,14,Bachelor's Degree,Divorced,1,4,2,No,13.4,0
EMP1946,Employee_947,22,Male,Research & Development,Research Scientist,79716,6643,2,Master's Degree,Married,2,2,3,No,12.4,0
EMP1947,Employee_948,23,Female,Research & Development,Manager,117792,9816,0,Bachelor's Degree,Married,2,3,3,Yes,7.9,1
EMP1948,Employee_949,32,Male,Sales,Manager,168384,14032,11,Master's Degree,Married,2,3,3,No,30.0,0
EMP1949,Employee_950,32,Female,IT,Developer,102468,8539,10,Bachelor's Degree,Single,2,3,3,No,16.7,0
EMP1950,Employee_951,48,Male,IT,Developer,126552,10546,11,Bachelor's Degree,Divorced,3,1,3,No,29.0,0
EMP1951,Employee_952,34,Female,IT,Systems Analyst,91896,7658,0,Bachelor's Degree,Divorced,1,3,4,No,15.2,1
EMP1952,Employee_953,22,Male,Research & Development,Laboratory Technician,58740,4895,3,Bachelor's Degree,Divorced,3,4,3,No,21.6,0
EMP1953,Employee_954,34,Female,IT,Developer,74076,6173,1,PhD,Married,3,3,3,Yes,11.2,1
EMP1954,Employee_955,45,Male,Sales,Sales Executive,154572,12881,19,Master's Degree,Single,3,4,4,No,13.3,0
EMP1955,Employee_956,28,Male,Sales,Sales Executive,75240,6270,1,Bachelor's Degree,Married,2,2,3,No,10.8,1
EMP1956,Employee_957,25,Female,Sales,Manager,141012,11751,6,Bachelor's Degree,Single,3,3,3,No,26.8,0
EMP1957,Employee_958,54,Female,Human Resources,HR Manager,142728,11894,2,Master's Degree,Married,3,4,3,Yes,4.2,1
EMP1958,Employee_959,33,Male,Sales,Sales Executive,121308,10109,12,Bachelor's Degree,Divorced,3,4,3,No,10.3,0
EMP1959,Employee_960,34,Female,Research & Development,Manager,143364,11947,1,Bachelor's Degree,Married,4,3,2,No,21.4,0
EMP1960,Employee_961,25,Female,Research & Development,Manager,135468,11289,5,Associate Degree,Single,4,1,2,No,23.8,1
EMP1961,Employee_962,44,Female,Sales,Sales Representative,136356,11363,22,Bachelor's Degree,Married,3,3,3,No,9.0,0
EMP1962,Employee_963,30,Female,Human Resources,HR Manager,143952,11996,11,Bachelor's Degree,Married,4,4,3,No,15.0,0
EMP1963,Employee_964,29,Male,Human Resources,HR Manager,136800,11400,10,Bachelor's Degree,Married,4,3,3,No,8.3,0
EMP1964,Employee_965,50,Male,IT,Manager,215028,17919,20,Bachelor's Degree,Divorced,1,2,3,No,26.9,1
EMP1965,Employee_966,22,Male,Finance,Financial Analyst,66468,5539,0,Master's Degree,Single,2,2,3,No,12.5,1
EMP1966,Employee_967,21,Female,IT,Developer,71088,5924,2,Bachelor's Degree,Single,2,3,3,Yes,14.5,1
EMP1967,Employee_968,56,Female,IT,Developer,159132,13261,18,Master's Degree,Divorced,2,1,3,No,27.9,1
EMP1968,Employee_969,42,Male,Sales,Manager,148752,12396,0,Bachelor's Degree,Married,3,1,3,No,18.4,1
EMP1969,Employee_970,21,Female,IT,Systems Analyst,76728,6394,0,Bachelor's Degree,Married,4,1,2,Yes,23.1,1
EMP1970,Employee_971,20,Female,Sales,Sales Executive,70128,5844,0,Bachelor's Degree,Single,4,2,4,No,27.2,1
EMP1971,Employee_972,46,Female,Research & Development,Research Scientist,122940,10245,7,Bachelor's Degree,Married,2,1,2,Yes,5.8,1
EMP1972,Employee_973,51,Female,Research & Development,Laboratory Technician,151176,12598,21,Bachelor's Degree,Married,3,3,2,No,25.3,0
EMP1973,Employee_974,27,Male,Finance,Manager,125256,10438,0,Bachelor's Degree,Married,2,4,1,No,15.9,0
EMP1974,Employee_975,24,Female,Human Resources,HR Manager,116400,9700,4,Master's Degree,Married,3,3,4,No,17.3,0
EMP1975,Employee_976,49,Female,Human Resources,Manager,177504,14792,6,Master's Degree,Married,1,4,3,No,18.0,0
EMP1976,Employee_977,36,Female,Research & Development,Laboratory Technician,118812,9901,18,Bachelor's Degree,Married,4,3,3,No,5.7,0
EMP1977,Employee_978,27,Male,IT,Developer,72468,6039,3,Bachelor's Degree,Married,4,4,3,No,20.0,0
EMP1978,Employee_979,58,Female,Research & Development,Laboratory Technician,144948,12079,17,Bachelor's Degree,Single,3,1,3,No,27.7,1
EMP1979,Employee_980,59,Female,Sales,Sales Executive,156492,13041,15,Bachelor's Degree,Married,4,1,4,No,11.5,0
EMP1980,Employee_981,51,Male,IT,Systems Analyst,134880,11240,10,Bachelor's Degree,Married,1,4,4,No,24.0,0
EMP1981,Employee_982,43,Male,Human Resources,HR Manager,201564,16797,25,High School,Single,3,2,4,No,29.6,0
EMP1982,Employee_983,52,Male,IT,Developer,129468,10789,11,Associate Degree,Single,4,1,4,No,1.2,0
EMP1983,Employee_984,53,Male,IT,Manager,184044,15337,8,High School,Married,4,1,3,No,10.8,0
EMP1984,Employee_985,29,Male,Finance,Manager,138720,11560,2,Bachelor's Degree,Married,1,3,4,No,23.6,1
EMP1985,Employee_986,56,Female,IT,Developer,153684,12807,15,Associate Degree,Married,3,3,3,Yes,17.4,0
EMP1986,Employee_987,49,Male,IT,Manager,223488,18624,23,High School,Divorced,3,4,3,No,16.0,0
EMP1987,Employee_988,55,Female,Sales,Sales Representative,116076,9673,11,High School,Married,4,4,4,Yes,4.7,0
EMP1988,Employee_989,33,Female,Human Resources,Manager,185688,15474,15,Associate Degree,Single,2,4,2,No,4.4,0
EMP1989,Employee_990,21,Female,Sales,Manager,130920,10910,3,Master's Degree,Divorced,3,3,3,No,24.0,0
EMP1990,Employee_991,21,Male,IT,Systems Analyst,72864,6072,1,Bachelor's Degree,Married,3,4,2,No,1.8,0
EMP1991,Employee_992,27,Female,IT,Developer,92688,7724,8,Bachelor's Degree,Married,2,1,4,No,23.5,1
EMP1992,Employee_993,26,Female,Sales,Sales Representative,69204,5767,8,PhD,Divorced,3,3,2,No,16.7,0
EMP1993,Employee_994,53,Female,Research & Development,Laboratory Technician,125664,10472,14,PhD,Married,2,2,3,No,7.5,0
EMP1994,Employee_995,33,Female,Research & Development,Research Scientist,125472,10456,11,Bachelor's Degree,Married,3,3,3,Yes,13.7,0
EMP1995,Employee_996,52,Female,IT,Systems Analyst,155916,12993,15,PhD,Single,2,4,2,No,9.5,0
EMP1996,Employee_997,51,Male,IT,Developer,144612,12051,15,Bachelor's Degree,Married,3,1,3,Yes,20.7,1
EMP1997,Employee_998,28,Female,Sales,Sales Representative,76200,6350,10,Master's Degree,Married,3,4,3,No,17.4,1
EMP1998,Employee_999,31,Male,Sales,Sales Representative,92388,7699,12,Master's Degree,Divorced,3,4,4,Yes,13.0,1
EMP1999,Employee_1000,59,Male,Sales,Sales Executive,174192,14516,22,High School,Married,1,4,2,Yes,11.1,1
EMP2000,Employee_1001,28,Female,Research & Development,Laboratory Technician,73056,6088,4,Associate Degree,Single,3,4,3,Yes,6.4,1
EMP2001,Employee_1002,37,Male,Human Resources,HR Manager,120588,10049,3,Bachelor's Degree,Single,4,4,3,No,25.6,0
EMP2002,Employee_1003,26,Female,Sales,Manager,131376,10948,3,High School,Divorced,4,3,3,No,11.1,0
EMP2003,Employee_1004,56,Male,Human Resources,HR Specialist,121800,10150,9,Bachelor's Degree,Married,2,4,1,No,7.7,0
EMP2004,Employee_1005,22,Male,Human Resources,HR Specialist,64308,5359,4,PhD,Married,1,1,2,No,14.7,1
EMP2005,Employee_1006,59,Male,Research & Development,Research Scientist,168024,14002,14,High School,Divorced,3,4,3,No,16.1,0
EMP2006,Employee_1007,55,Male,Sales,Sales Representative,93696,7808,5,High School,Married,3,2,4,Yes,4.0,1
EMP2007,Employee_1008,45,Male,Sales,Sales Executive,159528,13294,21,Master's Degree,Married,3,1,3,No,16.9,0
EMP2008,Employee_1009,42,Male,Research & Development,Research Scientist,133404,11117,12,Associate Degree,Married,2,4,3,No,10.0,0
EMP2009,Employee_1010,59,Male,Research & Development,Research Scientist,181272,15106,22,Bachelor's Degree,Single,3,4,3,No,26.0,0
EMP2010,Employee_1011,22,Male,Sales,Sales Representative,45444,3787,1,Bachelor's Degree,Divorced,1,2,2,Yes,20.8,1
EMP2011,Employee_1012,22,Male,IT,Developer,60576,5048,0,Bachelor's Degree,Married,2,4,3,No,8.9,1
EMP2012,Employee_1013,23,Female,Finance,Accountant,70536,5878,3,Bachelor's Degree,Married,4,1,3,No,3.8,0
EMP2013,Employee_1014,20,Male,Finance,Manager,116568,9714,0,Bachelor's Degree,Divorced,2,3,3,No,16.5,0
EMP2014,Employee_1015,44,Female,Sales,Sales Executive,128244,10687,11,Associate Degree,Married,3,4,3,Yes,3.0,0
EMP2015,Employee_1016,40,Male,Sales,Sales Executive,108564,9047,6,Bachelor's Degree,Married,3,3,4,No,18.4,0
EMP2016,Employee_1017,47,Male,Finance,Accountant,157668,13139,21,Bachelor's Degree,Single,3,3,4,No,12.0,0
EMP2017,Employee_1018,45,Male,IT,Developer,164064,13672,23,Bachelor's Degree,Married,3,2,4,No,10.0,0
EMP2018,Employee_1019,51,Female,Research & Development,Manager,215076,17923,21,High School,Married,1,3,3,No,25.9,1
EMP2019,Employee_1020,34,Female,IT,Manager,155904,12992,7,PhD,Married,4,1,2,No,23.9,0
EMP2020,Employee_1021,37,Female,IT,Manager,163920,13660,6,Bachelor's Degree,Divorced,2,4,4,Yes,21.1,1
EMP2021,Employee_1022,52,Female,IT,Systems Analyst,170412,14201,22,High School,Single,4,3,3,Yes,27.3,1
EMP2022,Employee_1023,51,Female,Finance,Financial Analyst,159048,13254,19,Bachelor's Degree,Single,2,3,4,Yes,19.4,1
EMP2023,Employee_1024,59,Male,Sales,Sales Executive,161964,13497,15,Bachelor's Degree,Single,3,1,3,No,27.4,1
EMP2024,Employee_1025,53,Female,Sales,Sales Executive,109392,9116,0,Associate Degree,Single,3,3,4,No,24.9,0
EMP2025,Employee_1026,31,Male,Human Resources,HR Specialist,82236,6853,4,Bachelor's Degree,Divorced,3,3,3,Yes,16.5,1
EMP2026,Employee_1027,34,Female,Human Resources,Manager,152616,12718,4,Bachelor's Degree,Single,3,2,3,No,4.6,1
EMP2027,Employee_1028,53,Female,Sales,Sales Executive,141360,11780,12,Bachelor's Degree,Married,3,2,3,No,28.1,0
EMP2028,Employee_1029,30,Female,Research & Development,Laboratory Technician,88812,7401,8,High School,Divorced,2,3,2,No,8.3,0
EMP2029,Employee_1030,31,Female,Human Resources,HR Specialist,88620,7385,9,Associate Degree,Married,3,1,3,No,17.7,0
EMP2030,Employee_1031,41,Female,IT,Systems Analyst,96468,8039,0,Bachelor's Degree,Divorced,2,2,3,No,14.6,1
EMP2031,Employee_1032,54,Female,Sales,Manager,170424,14202,3,Bachelor's Degree,Married,2,2,4,No,22.9,0
EMP2032,Employee_1033,23,Male,IT,Manager,131700,10975,1,Bachelor's Degree,Single,3,1,1,No,12.3,1
EMP2033,Employee_1034,54,Female,Research & Development,Laboratory Technician,90564,7547,1,Bachelor's Degree,Single,2,4,3,No,3.7,1
EMP2034,Employee_1035,58,Female,Sales,Manager,212784,17732,14,Bachelor's Degree,Single,3,1,3,Yes,14.6,1
EMP2035,Employee_1036,58,Male,Research & Development,Manager,237480,19790,22,Bachelor's Degree,Married,3,4,3,Yes,18.5,1
EMP2036,Employee_1037,50,Male,IT,Developer,124452,10371,8,Bachelor's Degree,Single,3,3,2,No,10.7,0
EMP2037,Employee_1038,34,Female,Sales,Sales Representative,68028,5669,5,High School,Single,3,3,3,Yes,8.4,1
EMP2038,Employee_1039,28,Male,Human Resources,HR Manager,131928,10994,9,Bachelor's Degree,Single,3,4,3,No,20.8,0
EMP2039,Employee_1040,20,Male,Research & Development,Laboratory Technician,48996,4083,0,Bachelor's Degree,Married,3,3,3,Yes,27.1,1
EMP2040,Employee_1041,50,Male,Sales,Manager,228096,19008,25,High School,Married,3,4,4,No,3.9,0
EMP2041,Employee_1042,24,Female,Human Resources,HR Specialist,60132,5011,2,Bachelor's Degree,Married,1,3,1,No,19.5,1
EMP2042,Employee_1043,35,Male,Sales,Manager,156444,13037,5,Bachelor's Degree,Divorced,3,3,3,Yes,12.2,0
EMP2043,Employee_1044,46,Male,Finance,Accountant,146652,12221,16,Associate Degree,Single,2,1,3,Yes,19.8,1
EMP2044,Employee_1045,54,Female,Sales,Sales Executive,121668,10139,4,Associate Degree,Married,1,3,2,No,17.7,0
EMP2045,Employee_1046,56,Female,IT,Developer,122112,10176,8,Master's Degree,Single,2,2,2,No,17.5,0
EMP2046,Employee_1047,43,Female,Research & Development,Research Scientist,170808,14234,22,Bachelor's Degree,Single,2,2,3,No,9.3,0
EMP2047,Employee_1048,53,Male,Sales,Manager,224904,18742,21,Master's Degree,Married,2,4,2,No,11.1,0
EMP2048,Employee_1049,57,Male,Finance,Accountant,176784,14732,23,Bachelor's Degree,Single,3,2,3,No,23.1,0
EMP2049,Employee_1050,25,Male,Human Resources,Manager,141240,11770,5,Master's Degree,Married,4,2,3,No,7.2,0
EMP2050,Employee_1051,28,Male,Research & Development,Manager,130104,10842,2,Master's Degree,Single,3,4,2,Yes,15.2,1
EMP2051,Employee_1052,59,Male,IT,Systems Analyst,135216,11268,6,Bachelor's Degree,Married,2,1,2,No,20.2,1
EMP2052,Employee_1053,45,Female,Research & Development,Research Scientist,174516,14543,24,High School,Married,2,1,3,No,15.7,0
EMP2053,Employee_1054,54,Male,IT,Manager,163716,13643,1,Associate Degree,Married,1,1,1,No,22.3,1
EMP2054,Employee_1055,36,Female,Finance,Accountant,95400,7950,3,High School,Single,2,1,2,Yes,11.8,1
EMP2055,Employee_1056,33,Female,Sales,Manager,143136,11928,4,Bachelor's Degree,Married,3,4,3,No,13.2,0
EMP2056,Employee_1057,53,Male,IT,Systems Analyst,177288,14774,21,Bachelor's Degree,Married,4,2,3,No,14.6,0
EMP2057,Employee_1058,40,Female,Sales,Sales Executive,144204,12017,18,High School,Single,3,3,4,No,21.2,0
EMP2058,Employee_1059,24,Male,Research & Development,Manager,132144,11012,2,PhD,Married,1,3,3,No,20.5,1
EMP2059,Employee_1060,42,Male,Sales,Sales Representative,125892,10491,20,Bachelor's Degree,Single,1,2,1,No,9.3,1
EMP2060,Employee_1061,34,Female,IT,Manager,179460,14955,15,Bachelor's Degree,Married,2,4,3,No,5.2,0
EMP2061,Employee_1062,23,Male,IT,Developer,67476,5623,3,Master's Degree,Single,4,3,3,Yes,17.1,1
EMP2062,Employee_1063,38,Male,Sales,Sales Executive,87816,7318,0,Bachelor's Degree,Divorced,3,3,4,No,5.5,0
EMP2063,Employee_1064,22,Male,Research & Development,Manager,128088,10674,2,Associate Degree,Married,4,4,3,No,20.0,0
EMP2064,Employee_1065,27,Male,Research & Development,Manager,148932,12411,8,Bachelor's Degree,Married,3,4,3,Yes,17.1,0
EMP2065,Employee_1066,34,Female,Research & Development,Research Scientist,128244,10687,14,Bachelor's Degree,Single,2,1,3,Yes,15.2,1
EMP2066,Employee_1067,36,Male,Finance,Manager,190512,15876,17,Bachelor's Degree,Married,2,3,3,No,13.3,0
EMP2067,Employee_1068,34,Female,Sales,Sales Representative,83748,6979,7,Master's Degree,Divorced,4,4,2,No,26.8,0
EMP2068,Employee_1069,46,Female,Research & Development,Research Scientist,148284,12357,14,Bachelor's Degree,Married,2,4,3,No,19.7,0
EMP2069,Employee_1070,39,Male,Sales,Manager,199404,16617,17,Master's Degree,Married,3,3,2,No,3.1,0
EMP2070,Employee_1071,47,Male,Finance,Manager,188268,15689,11,High School,Married,4,2,2,No,10.0,1
EMP2071,Employee_1072,51,Male,IT,Manager,226524,18877,23,Bachelor's Degree,Married,3,3,4,No,22.1,0
EMP2072,Employee_1073,37,Female,Sales,Manager,176028,14669,13,Associate Degree,Single,4,3,4,Yes,19.1,1
EMP2073,Employee_1074,51,Female,IT,Developer,99072,8256,1,Bachelor's Degree,Single,4,3,2,Yes,6.0,1
EMP2074,Employee_1075,34,Female,Sales,Sales Representative,98856,8238,13,Master's Degree,Single,3,4,4,No,4.2,0
EMP2075,Employee_1076,28,Male,Research & Development,Laboratory Technician,78972,6581,9,Bachelor's Degree,Married,4,3,3,No,26.4,0
EMP2076,Employee_1077,23,Female,Human Resources,Manager,140052,11671,5,PhD,Single,4,3,4,No,13.0,0
EMP2077,Employee_1078,30,Female,Research & Development,Manager,131448,10954,0,Associate Degree,Married,2,3,3,Yes,20.7,1
EMP2078,Employee_1079,56,Female,Sales,Manager,215256,17938,19,Bachelor's Degree,Married,4,2,2,No,29.3,0
EMP2079,Employee_1080,45,Male,Sales,Sales Representative,129780,10815,18,PhD,Married,4,1,3,Yes,18.0,1
EMP2080,Employee_1081,32,Female,IT,Manager,173280,14440,14,PhD,Married,2,3,3,No,3.5,0
EMP2081,Employee_1082,55,Male,Human Resources,HR Manager,155100,12925,7,Master's Degree,Married,3,2,3,Yes,28.4,1
EMP2082,Employee_1083,33,Male,Sales,Manager,162612,13551,11,Bachelor's Degree,Single,4,4,2,No,8.3,0
EMP2083,Employee_1084,59,Female,IT,Systems Analyst,170208,14184,19,Bachelor's Degree,Married,3,3,3,No,6.8,0
EMP2084,Employee_1085,32,Male,IT,Developer,105360,8780,9,Bachelor's Degree,Single,4,3,3,No,16.1,0
EMP2085,Employee_1086,54,Female,Sales,Sales Representative,130668,10889,14,Bachelor's Degree,Divorced,3,2,2,No,17.4,1
EMP2086,Employee_1087,24,Male,Sales,Manager,125736,10478,2,Bachelor's Degree,Married,3,2,2,No,2.9,0
EMP2087,Employee_1088,53,Female,Human Resources,Manager,162396,13533,2,Bachelor's Degree,Single,2,3,2,Yes,2.3,1
EMP2088,Employee_1089,25,Female,IT,Manager,133236,11103,2,Bachelor's Degree,Married,3,1,2,No,3.9,0
EMP2089,Employee_1090,37,Female,Finance,Financial Analyst,103008,8584,4,Master's Degree,Married,2,4,3,No,19.2,0
EMP2090,Employee_1091,45,Male,IT,Manager,160488,13374,5,Master's Degree,Married,3,2,3,No,29.6,0
EMP2091,Employee_1092,44,Female,Sales,Sales Executive,147240,12270,16,Bachelor's Degree,Divorced,4,3,3,No,1.1,0
EMP2092,Employee_1093,49,Male,Human Resources,HR Specialist,118536,9878,8,Master's Degree,Single,3,1,3,No,6.5,0
EMP2093,Employee_1094,34,Male,IT,Systems Analyst,120756,10063,9,Associate Degree,Married,3,2,3,No,1.2,0
EMP2094,Employee_1095,25,Male,IT,Systems Analyst,80472,6706,1,Master's Degree,Married,4,3,4,Yes,28.0,1
EMP2095,Employee_1096,36,Female,Sales,Sales Executive,98100,8175,6,Bachelor's Degree,Married,2,2,3,No,22.1,1
EMP2096,Employee_1097,57,Female,Finance,Manager,221952,18496,18,Associate Degree,Single,4,3,1,No,20.4,0
EMP2097,Employee_1098,49,Female,IT,Manager,234996,19583,25,Bachelor's Degree,Single,2,3,4,No,25.7,0
EMP2098,Employee_1099,32,Male,Sales,Sales Representative,80316,6693,7,Associate Degree,Married,2,2,3,No,26.5,1
EMP2099,Employee_1100,45,Female,Research & Development,Manager,221400,18450,23,Associate Degree,Married,2,3,3,Yes,11.1,0
EMP2100,Employee_1101,23,Female,IT,Developer,72504,6042,4,Bachelor's Degree,Single,2,1,2,No,20.7,1
EMP2101,Employee_1102,37,Female,Human Resources,HR Manager,124860,10405,3,Associate Degree,Married,3,2,4,No,10.5,0
EMP2102,Employee_1103,26,Male,Sales,Sales Representative,66204,5517,7,Master's Degree,Married,2,2,3,No,23.6,1
EMP2103,Employee_1104,27,Female,Sales,Sales Executive,85440,7120,3,Bachelor's Degree,Married,4,2,3,No,15.5,0
EMP2104,Employee_1105,39,Male,IT,Manager,153204,12767,4,Master's Degree,Divorced,4,1,3,No,12.8,0
EMP2105,Employee_1106,59,Female,IT,Manager,188976,15748,8,Master's Degree,Married,4,3,4,No,19.0,0
EMP2106,Employee_1107,53,Female,Sales,Sales Executive,142776,11898,12,High School,Married,2,3,2,Yes,18.6,1
EMP2107,Employee_1108,52,Female,Sales,Sales Representative,106032,8836,7,Associate Degree,Single,3,4,3,Yes,2.3,1
EMP2108,Employee_1109,53,Male,Sales,Sales Executive,177528,14794,25,Master's Degree,Married,4,1,3,Yes,7.2,1
EMP2109,Employee_1110,24,Female,IT,Developer,64404,5367,1,Bachelor's Degree,Married,3,3,2,No,9.0,0
EMP2110,Employee_1111,29,Female,IT,Developer,88008,7334,5,Master's Degree,Single,2,3,3,No,6.9,0
EMP2111,Employee_1112,24,Male,Finance,Manager,135864,11322,4,High School,Married,3,4,1,No,24.7,0
EMP2112,Employee_1113,32,Male,Sales,Sales Executive,100284,8357,7,Bachelor's Degree,Single,3,1,3,Yes,18.2,1
EMP2113,Employee_1114,53,Female,Sales,Sales Representative,113568,9464,10,Associate Degree,Divorced,3,2,1,Yes,18.3,1
EMP2114,Employee_1115,37,Female,IT,Manager,190224,15852,17,Bachelor's Degree,Single,2,1,3,No,26.1,1
EMP2115,Employee_1116,38,Male,IT,Developer,95124,7927,6,Associate Degree,Divorced,1,4,3,No,21.7,1
EMP2116,Employee_1117,59,Male,Research & Development,Laboratory Technician,162816,13568,21,Associate Degree,Single,2,4,2,Yes,10.3,1
EMP2117,Employee_1118,50,Male,IT,Manager,205668,17139,15,Master's Degree,Married,3,4,4,Yes,8.1,0
EMP2118,Employee_1119,38,Female,IT,Manager,171504,14292,9,Bachelor's Degree,Divorced,3,4,3,Yes,29.5,1
EMP2119,Employee_1120,25,Female,Human Resources,HR Manager,110880,9240,2,Master's Degree,Single,4,4,3,Yes,21.8,1
EMP2120,Employee_1121,37,Male,Sales,Sales Executive,142380,11865,18,Master's Degree,Single,3,1,3,No,3.6,0
EMP2121,Employee_1122,26,Male,Research & Development,Manager,136884,11407,2,Bachelor's Degree,Single,3,3,3,No,18.8,0
EMP2122,Employee_1123,57,Female,Sales,Sales Representative,119664,9972,13,Master's Degree,Married,2,4,1,Yes,9.6,0
EMP2123,Employee_1124,22,Female,IT,Systems Analyst,79092,6591,2,High School,Divorced,3,1,3,No,18.6,1
EMP2124,Employee_1125,36,Male,Sales,Manager,139404,11617,1,Associate Degree,Single,3,2,4,No,10.0,0
EMP2125,Employee_1126,31,Male,IT,Systems Analyst,108804,9067,6,Bachelor's Degree,Single,3,4,3,No,15.0,0
EMP2126,Employee_1127,43,Female,Sales,Sales Executive,99924,8327,2,Master's Degree,Single,3,4,3,No,1.6,0
EMP2127,Employee_1128,45,Male,Sales,Manager,180720,15060,10,Bachelor's Degree,Married,2,3,3,Yes,12.1,0
EMP2128,Employee_1129,47,Female,Sales,Sales Executive,167616,13968,23,High School,Single,2,3,2,No,29.2,0
EMP2129,Employee_1130,23,Female,Sales,Sales Representative,50544,4212,0,Bachelor's Degree,Single,1,2,2,No,27.0,1
EMP2130,Employee_1131,41,Female,IT,Manager,148608,12384,1,Bachelor's Degree,Single,3,4,3,No,28.3,0
EMP2131,Employee_1132,43,Male,Research & Development,Research Scientist,152256,12688,16,Bachelor's Degree,Married,1,3,4,Yes,23.1,1
EMP2132,Employee_1133,56,Male,Research & Development,Manager,198504,16542,10,High School,Married,4,2,4,No,17.9,0
EMP2133,Employee_1134,35,Male,IT,Developer,95256,7938,5,Bachelor's Degree,Single,4,4,2,Yes,10.2,1
EMP2134,Employee_1135,55,Female,IT,Systems Analyst,149028,12419,13,Bachelor's Degree,Married,4,2,3,No,7.1,0
EMP2135,Employee_1136,23,Male,Research & Development,Laboratory Technician,62724,5227,4,Associate Degree,Divorced,3,4,3,No,16.9,0
EMP2136,Employee_1137,43,Female,IT,Manager,161388,13449,5,High School,Single,2,3,4,Yes,7.8,1
EMP2137,Employee_1138,34,Male,IT,Developer,104088,8674,9,Master's Degree,Married,3,3,2,Yes,15.2,1
EMP2138,Employee_1139,22,Female,Sales,Manager,121572,10131,0,Associate Degree,Single,3,1,3,No,21.2,1
EMP2139,Employee_1140,42,Male,Human Resources,HR Manager,152412,12701,11,Bachelor's Degree,Single,3,1,2,No,28.2,1
EMP2140,Employee_1141,33,Female,IT,Systems Analyst,130248,10854,14,Master's Degree,Divorced,3,1,3,No,14.7,0
EMP2141,Employee_1142,27,Female,IT,Manager,148572,12381,5,Bachelor's Degree,Single,4,2,4,Yes,24.7,1
EMP2142,Employee_1143,48,Female,IT,Manager,194760,16230,13,Bachelor's Degree,Married,4,1,3,No,6.4,0
EMP2143,Employee_1144,20,Female,Finance,Financial Analyst,80340,6695,2,Associate Degree,Single,2,2,3,No,4.7,1
EMP2144,Employee_1145,59,Male,Research & Development,Research Scientist,183204,15267,22,Master's Degree,Single,2,3,3,No,6.8,0
EMP2145,Employee_1146,55,Male,Research & Development,Laboratory Technician,154524,12877,23,Bachelor's Degree,Divorced,1,3,4,No,8.4,0
EMP2146,Employee_1147,41,Female,Research & Development,Manager,186660,15555,12,Bachelor's Degree,Married,3,2,4,No,2.9,0
EMP2147,Employee_1148,25,Female,Finance,Financial Analyst,84888,7074,5,Bachelor's Degree,Married,2,3,3,Yes,2.1,1
EMP2148,Employee_1149,53,Female,IT,Systems Analyst,154812,12901,14,Bachelor's Degree,Married,3,3,3,Yes,5.6,0
EMP2149,Employee_1150,21,Male,IT,Systems Analyst,77844,6487,2,Master's Degree,Single,3,4,3,No,5.0,0
EMP2150,Employee_1151,40,Male,IT,Developer,123396,10283,14,Associate Degree,Married,1,2,1,No,5.2,0
EMP2151,Employee_1152,33,Female,Human Resources,HR Specialist,88656,7388,6,Associate Degree,Married,2,3,4,No,26.3,0
EMP2152,Employee_1153,46,Female,IT,Systems Analyst,143016,11918,12,Associate Degree,Single,4,3,4,No,3.3,0
EMP2153,Employee_1154,52,Male,Research & Development,Manager,213468,17789,20,High School,Married,3,3,3,No,10.7,1
EMP2154,Employee_1155,31,Female,Research & Development,Manager,141984,11832,4,PhD,Married,3,3,4,Yes,16.1,0
EMP2155,Employee_1156,41,Male,IT,Systems Analyst,146184,12182,18,High School,Married,4,2,3,Yes,25.4,1
EMP2156,Employee_1157,27,Female,IT,Systems Analyst,84528,7044,2,Bachelor's Degree,Married,1,3,3,Yes,8.8,1
EMP2157,Employee_1158,31,Female,Human Resources,Manager,153984,12832,7,High School,Single,3,3,3,No,23.9,0
EMP2158,Employee_1159,20,Male,IT,Systems Analyst,74256,6188,2,Associate Degree,Married,4,1,3,No,1.6,1
EMP2159,Employee_1160,57,Female,IT,Systems Analyst,117072,9756,2,Bachelor's Degree,Married,1,3,2,No,18.6,1
EMP2160,Employee_1161,57,Male,Sales,Sales Executive,115320,9610,0,Bachelor's Degree,Single,1,3,2,Yes,1.8,1
EMP2161,Employee_1162,57,Female,Human Resources,HR Specialist,113856,9488,4,Bachelor's Degree,Married,1,2,3,No,10.6,0
EMP2162,Employee_1163,36,Female,Research & Development,Research Scientist,151572,12631,18,Bachelor's Degree,Divorced,4,4,3,No,14.7,0
EMP2163,Employee_1164,51,Female,Human Resources,HR Manager,187188,15599,16,Master's Degree,Single,2,1,3,No,19.3,1
EMP2164,Employee_1165,43,Male,IT,Systems Analyst,130188,10849,12,Bachelor's Degree,Divorced,4,3,3,Yes,9.2,0
EMP2165,Employee_1166,59,Female,Finance,Financial Analyst,142104,11842,8,Bachelor's Degree,Married,2,3,3,No,27.0,0
EMP2166,Employee_1167,42,Male,IT,Developer,116412,9701,10,Bachelor's Degree,Single,2,3,3,Yes,18.5,1
EMP2167,Employee_1168,30,Male,IT,Manager,141240,11770,4,Associate Degree,Single,2,4,3,Yes,15.9,1
EMP2168,Employee_1169,23,Female,Sales,Sales Representative,48384,4032,1,Bachelor's Degree,Single,2,2,2,No,4.4,1
EMP2169,Employee_1170,37,Female,Sales,Sales Representative,112824,9402,15,Bachelor's Degree,Married,2,1,3,No,20.1,1
EMP2170,Employee_1171,28,Male,Research & Development,Manager,128328,10694,1,Master's Degree,Married,1,1,3,Yes,26.0,1
EMP2171,Employee_1172,21,Male,Sales,Sales Executive,76512,6376,3,High School,Divorced,4,3,4,Yes,23.5,1
EMP2172,Employee_1173,44,Female,Research & Development,Manager,175008,14584,7,High School,Divorced,3,3,3,No,26.4,0
EMP2173,Employee_1174,39,Male,Sales,Manager,149988,12499,2,Associate Degree,Single,2,3,3,No,3.6,0
EMP2174,Employee_1175,36,Female,Research & Development,Laboratory Technician,81276,6773,3,Master's Degree,Married,1,3,4,No,8.7,0
EMP2175,Employee_1176,38,Female,Sales,Sales Executive,119976,9998,10,Associate Degree,Married,3,4,3,No,15.2,0
EMP2176,Employee_1177,38,Male,Finance,Manager,201732,16811,20,Bachelor's Degree,Married,4,4,4,Yes,21.4,1
EMP2177,Employee_1178,59,Female,Research & Development,Laboratory Technician,116160,9680,8,Master's Degree,Single,3,1,3,Yes,23.0,1
EMP2178,Employee_1179,54,Male,Research & Development,Manager,181644,15137,7,Bachelor's Degree,Married,4,2,2,No,9.4,0
EMP2179,Employee_1180,30,Female,IT,Manager,148560,12380,6,Bachelor's Degree,Divorced,3,2,3,No,2.8,0
EMP2180,Employee_1181,20,Male,Sales,Manager,122772,10231,1,Bachelor's Degree,Married,3,3,3,No,17.5,0
EMP2181,Employee_1182,34,Male,Research & Development,Manager,179760,14980,14,Bachelor's Degree,Divorced,3,4,4,Yes,7.3,0
EMP2182,Employee_1183,46,Male,IT,Manager,189780,15815,12,High School,Married,2,2,3,Yes,20.0,1
EMP2183,Employee_1184,28,Female,IT,Systems Analyst,92904,7742,3,Bachelor's Degree,Married,3,1,4,No,28.1,1
EMP2184,Employee_1185,55,Male,Sales,Sales Representative,149544,12462,22,Master's Degree,Divorced,2,1,3,Yes,5.4,1
EMP2185,Employee_1186,33,Male,Sales,Manager,168708,14059,13,High School,Married,3,4,3,No,6.5,0
EMP2186,Employee_1187,53,Female,IT,Manager,204948,17079,14,Bachelor's Degree,Single,3,1,4,No,8.9,0
EMP2187,Employee_1188,38,Male,Sales,Sales Representative,111084,9257,14,Bachelor's Degree,Divorced,4,4,3,No,14.4,0
EMP2188,Employee_1189,56,Male,IT,Manager,188784,15732,10,Bachelor's Degree,Divorced,3,2,3,No,14.2,0
EMP2189,Employee_1190,43,Female,Human Resources,HR Specialist,88800,7400,2,Master's Degree,Divorced,1,4,3,Yes,9.8,1
EMP2190,Employee_1191,43,Female,IT,Developer,91284,7607,0,Bachelor's Degree,Single,2,2,3,No,27.1,1
EMP2191,Employee_1192,47,Female,Finance,Financial Analyst,171048,14254,22,Bachelor's Degree,Married,1,3,4,Yes,13.9,1
EMP2192,Employee_1193,28,Male,IT,Developer,89076,7423,6,Bachelor's Degree,Married,3,1,2,No,23.3,1
EMP2193,Employee_1194,58,Female,IT,Manager,210396,17533,15,Bachelor's Degree,Married,4,3,4,No,13.5,0
EMP2194,Employee_1195,56,Male,Sales,Sales Representative,128352,10696,14,Bachelor's Degree,Divorced,4,3,3,Yes,26.7,1
EMP2195,Employee_1196,24,Male,Research & Development,Laboratory Technician,53496,4458,0,High School,Married,2,4,3,Yes,8.1,1
EMP2196,Employee_1197,41,Female,IT,Systems Analyst,108708,9059,2,PhD,Divorced,2,4,3,No,16.2,0
EMP2197,Employee_1198,51,Female,Research & Development,Research Scientist,128028,10669,4,Bachelor's Degree,Single,2,2,3,Yes,21.8,1
EMP2198,Employee_1199,38,Male,Finance,Accountant,88560,7380,3,Bachelor's Degree,Married,4,3,1,No,11.0,0
EMP2199,Employee_1200,27,Male,Research & Development,Manager,156708,13059,8,Bachelor's Degree,Divorced,3,1,4,Yes,25.4,1
EMP2200,Employee_1201,22,Female,Finance,Financial Analyst,81288,6774,3,Bachelor's Degree,Divorced,2,3,3,Yes,26.4,1
EMP2201,Employee_1202,30,Male,IT,Systems Analyst,83136,6928,0,Bachelor's Degree,Married,3,2,3,No,19.5,1
EMP2202,Employee_1203,26,Female,Sales,Manager,136668,11389,4,Master's Degree,Married,3,2,4,No,20.7,0
EMP2203,Employee_1204,31,Female,Sales,Manager,146028,12169,5,Bachelor's Degree,Married,3,4,3,No,12.6,0
EMP2204,Employee_1205,53,Female,Finance,Accountant,97788,8149,0,Master's Degree,Divorced,4,3,3,No,6.3,0
EMP2205,Employee_1206,51,Male,Sales,Sales Representative,122088,10174,13,Associate Degree,Single,3,4,4,No,14.4,0
EMP2206,Employee_1207,23,Male,Sales,Manager,136812,11401,3,Master's Degree,Divorced,4,3,2,No,28.1,0
EMP2207,Employee_1208,28,Male,Sales,Manager,141804,11817,5,Bachelor's Degree,Single,1,3,3,No,29.0,1
EMP2208,Employee_1209,46,Female,Sales,Sales Executive,99468,8289,2,Bachelor's Degree,Married,3,4,3,No,11.0,0
EMP2209,Employee_1210,59,Male,Finance,Manager,237216,19768,23,Master's Degree,Single,2,2,3,No,21.1,1
EMP2210,Employee_1211,36,Female,Sales,Sales Representative,86856,7238,9,Associate Degree,Single,3,3,3,No,28.6,0
EMP2211,Employee_1212,28,Female,Finance,Accountant,96516,8043,10,Master's Degree,Married,4,4,3,Yes,20.9,1
EMP2212,Employee_1213,25,Female,Sales,Sales Representative,53868,4489,2,Associate Degree,Married,2,4,3,No,12.3,0
EMP2213,Employee_1214,21,Female,Sales,Sales Representative,50124,4177,1,Master's Degree,Married,2,4,3,Yes,21.8,1
EMP2214,Employee_1215,21,Male,Research & Development,Manager,123876,10323,2,Associate Degree,Divorced,3,1,3,No,6.6,0
EMP2215,Employee_1216,31,Female,Sales,Sales Executive,80616,6718,0,Bachelor's Degree,Married,4,3,4,Yes,12.3,1
EMP2216,Employee_1217,30,Female,IT,Developer,99252,8271,10,Bachelor's Degree,Married,1,3,3,No,6.5,0
EMP2217,Employee_1218,27,Male,IT,Manager,132852,11071,1,Associate Degree,Married,3,2,3,Yes,29.1,1
EMP2218,Employee_1219,51,Male,Sales,Sales Executive,134700,11225,12,Associate Degree,Single,4,2,4,No,20.0,0
EMP2219,Employee_1220,59,Female,Sales,Manager,206784,17232,14,Associate Degree,Single,3,4,3,Yes,5.6,0
EMP2220,Employee_1221,46,Female,Sales,Sales Representative,116016,9668,15,PhD,Married,3,2,4,No,21.7,0
EMP2221,Employee_1222,44,Female,Finance,Financial Analyst,153516,12793,17,Bachelor's Degree,Divorced,2,3,3,No,29.1,0
EMP2222,Employee_1223,29,Male,Sales,Sales Executive,105408,8784,11,Master's Degree,Single,4,2,3,No,19.3,1
EMP2223,Employee_1224,42,Male,Research & Development,Laboratory Technician,144924,12077,23,Master's Degree,Divorced,3,4,4,No,17.2,0
EMP2224,Employee_1225,30,Male,Sales,Sales Representative,60720,5060,2,PhD,Single,4,4,3,No,7.4,0
EMP2225,Employee_1226,39,Female,Human Resources,HR Specialist,124524,10377,16,Bachelor's Degree,Married,3,4,3,No,14.1,0
EMP2226,Employee_1227,50,Female,Research & Development,Manager,198180,16515,16,Bachelor's Degree,Married,3,3,4,Yes,19.8,0
EMP2227,Employee_1228,40,Male,Human Resources,HR Specialist,111624,9302,13,Bachelor's Degree,Divorced,3,2,3,No,13.1,0
EMP2228,Employee_1229,37,Male,Sales,Manager,158808,13234,7,Bachelor's Degree,Single,4,1,2,Yes,16.3,1
EMP2229,Employee_1230,29,Female,Sales,Sales Executive,80700,6725,3,Bachelor's Degree,Married,1,3,4,No,3.1,0
EMP2230,Employee_1231,51,Male,Sales,Manager,196908,16409,15,High School,Married,4,3,3,No,10.6,0
EMP2231,Employee_1232,55,Male,Research & Development,Research Scientist,120756,10063,3,Bachelor's Degree,Single,4,1,3,No,9.0,0
EMP2232,Employee_1233,53,Female,Sales,Sales Executive,178668,14889,24,Bachelor's Degree,Single,4,4,3,No,15.9,0
EMP2233,Employee_1234,29,Female,Sales,Sales Executive,99060,8255,8,Associate Degree,Single,3,4,4,No,27.4,0
EMP2234,Employee_1235,38,Female,IT,Developer,128964,10747,15,Bachelor's Degree,Married,1,4,3,Yes,11.0,1
EMP2235,Employee_1236,55,Female,Sales,Sales Executive,121548,10129,5,Bachelor's Degree,Single,3,4,3,No,21.8,0
EMP2236,Employee_1237,34,Male,Finance,Manager,139440,11620,2,Bachelor's Degree,Single,4,3,3,No,10.6,0
EMP2237,Employee_1238,45,Female,IT,Systems Analyst,173760,14480,24,Bachelor's Degree,Married,4,2,3,Yes,22.5,1
EMP2238,Employee_1239,28,Female,Sales,Sales Executive,76956,6413,0,Master's Degree,Married,3,2,4,No,14.9,0
EMP2239,Employee_1240,31,Female,Sales,Sales Executive,111756,9313,12,Associate Degree,Married,3,3,3,No,27.7,0
EMP2240,Employee_1241,24,Male,Research & Development,Manager,136788,11399,3,Associate Degree,Single,3,4,4,No,1.9,0
EMP2241,Employee_1242,48,Male,IT,Developer,131256,10938,14,Bachelor's Degree,Single,4,2,3,No,8.9,1
EMP2242,Employee_1243,23,Female,Sales,Manager,128376,10698,0,Master's Degree,Married,3,2,1,No,26.5,0
EMP2243,Employee_1244,40,Male,Sales,Manager,153804,12817,5,Bachelor's Degree,Single,4,1,3,No,26.2,1
EMP2244,Employee_1245,22,Male,IT,Manager,133584,11132,4,Bachelor's Degree,Single,1,3,3,Yes,8.0,1
EMP2245,Employee_1246,26,Female,Human Resources,HR Manager,121824,10152,6,High School,Married,4,2,2,Yes,7.5,1
EMP2246,Employee_1247,27,Female,IT,Systems Analyst,89580,7465,2,Master's Degree,Married,3,2,3,No,18.3,1
EMP2247,Employee_1248,43,Male,Research & Development,Manager,209232,17436,21,PhD,Divorced,3,2,4,Yes,14.5,1
EMP2248,Employee_1249,47,Male,Finance,Accountant,148428,12369,16,Associate Degree,Married,4,2,3,Yes,27.2,1
EMP2249,Employee_1250,28,Female,IT,Systems Analyst,85968,7164,0,Bachelor's Degree,Single,3,2,3,No,19.6,0
EMP2250,Employee_1251,33,Female,IT,Developer,116400,9700,14,Bachelor's Degree,Single,3,4,4,Yes,8.9,0
EMP2251,Employee_1252,46,Female,Finance,Accountant,168108,14009,25,Bachelor's Degree,Divorced,4,4,3,No,4.3,0
EMP2252,Employee_1253,33,Male,Research & Development,Research Scientist,130824,10902,14,Bachelor's Degree,Married,2,2,3,No,10.1,1
EMP2253,Employee_1254,23,Male,IT,Manager,121644,10137,1,Bachelor's Degree,Married,3,2,2,No,21.7,0
EMP2254,Employee_1255,47,Male,IT,Manager,206868,17239,17,Associate Degree,Married,1,4,3,No,7.2,0
EMP2255,Employee_1256,44,Male,IT,Systems Analyst,127464,10622,7,Master's Degree,Divorced,2,3,3,No,19.5,0
EMP2256,Employee_1257,40,Male,Research & Development,Manager,195636,16303,16,High School,Single,4,3,2,No,2.7,0
EMP2257,Employee_1258,39,Male,Research & Development,Laboratory Technician,101280,8440,11,Bachelor's Degree,Married,4,2,4,Yes,2.4,1
EMP2258,Employee_1259,39,Male,Research & Development,Research Scientist,124800,10400,8,PhD,Divorced,3,4,3,No,24.0,0
EMP2259,Employee_1260,33,Male,IT,Developer,101760,8480,10,Master's Degree,Single,2,3,3,Yes,8.9,0
EMP2260,Employee_1261,53,Male,Sales,Manager,176700,14725,4,Master's Degree,Married,3,3,3,No,25.1,0
EMP2261,Employee_1262,47,Female,Human Resources,Manager,187800,15650,10,High School,Single,3,3,3,No,22.8,0
EMP2262,Employee_1263,40,Female,Sales,Sales Executive,126072,10506,13,Bachelor's Degree,Married,3,4,4,No,22.5,0
EMP2263,Employee_1264,23,Male,Finance,Financial Analyst,78792,6566,3,Bachelor's Degree,Married,4,3,3,No,7.3,0
EMP2264,Employee_1265,24,Male,Sales,Sales Representative,49368,4114,1,Bachelor's Degree,Single,2,3,1,No,3.0,1
EMP2265,Employee_1266,23,Male,Sales,Manager,122280,10190,0,Bachelor's Degree,Single,2,4,3,Yes,22.6,1
EMP2266,Employee_1267,31,Male,Human Resources,HR Specialist,63780,5315,0,Bachelor's Degree,Single,3,2,1,No,27.5,1
EMP2267,Employee_1268,59,Female,IT,Systems Analyst,175104,14592,20,Associate Degree,Married,2,3,3,No,25.2,0
EMP2268,Employee_1269,32,Female,Finance,Financial Analyst,120888,10074,11,Bachelor's Degree,Divorced,4,2,1,No,27.9,0
EMP2269,Employee_1270,20,Female,Finance,Financial Analyst,67992,5666,1,Associate Degree,Divorced,3,3,3,Yes,23.7,1
EMP2270,Employee_1271,52,Female,IT,Manager,186192,15516,8,Master's Degree,Married,3,3,4,No,21.5,0
EMP2271,Employee_1272,31,Female,IT,Developer,89664,7472,4,Master's Degree,Married,2,2,3,No,5.2,0
EMP2272,Employee_1273,41,Male,Research & Development,Laboratory Technician,85512,7126,6,Associate Degree,Married,2,3,3,Yes,28.0,1
EMP2273,Employee_1274,26,Male,IT,Manager,135864,11322,2,Bachelor's Degree,Single,3,3,3,No,5.4,0
EMP2274,Employee_1275,49,Male,IT,Systems Analyst,152796,12733,15,Bachelor's Degree,Single,1,4,4,Yes,14.4,1
EMP2275,Employee_1276,35,Male,IT,Systems Analyst,134448,11204,13,Bachelor's Degree,Single,1,4,3,No,17.8,0
EMP2276,Employee_1277,29,Female,IT,Developer,98436,8203,9,Bachelor's Degree,Married,4,3,1,Yes,15.5,1
EMP2277,Employee_1278,39,Female,Research & Development,Research Scientist,141312,11776,14,Bachelor's Degree,Married,3,3,4,No,22.8,0
EMP2278,Employee_1279,29,Female,Sales,Sales Representative,62688,5224,2,High School,Married,2,4,3,No,22.3,1
EMP2279,Employee_1280,21,Female,IT,Manager,125616,10468,3,Master's Degree,Divorced,3,2,3,No,20.9,0
EMP2280,Employee_1281,50,Male,Research & Development,Research Scientist,151212,12601,14,High School,Single,3,4,4,No,21.0,0
EMP2281,Employee_1282,42,Female,IT,Manager,217560,18130,24,Master's Degree,Married,3,3,3,Yes,19.5,1
EMP2282,Employee_1283,28,Male,Research & Development,Manager,124152,10346,0,Bachelor's Degree,Divorced,3,3,3,No,4.8,0
EMP2283,Employee_1284,28,Female,Research & Development,Research Scientist,102468,8539,6,Associate Degree,Single,2,3,1,No,16.5,0
EMP2284,Employee_1285,20,Male,Finance,Accountant,66048,5504,1,Bachelor's Degree,Divorced,3,4,3,No,12.4,0
EMP2285,Employee_1286,23,Male,Sales,Sales Representative,47496,3958,1,Master's Degree,Divorced,2,2,3,Yes,24.1,0
EMP2286,Employee_1287,33,Male,Research & Development,Manager,140148,11679,2,High School,Married,3,1,1,No,20.1,1
EMP2287,Employee_1288,25,Male,IT,Developer,82908,6909,4,Bachelor's Degree,Single,3,1,2,Yes,14.2,1
EMP2288,Employee_1289,21,Male,Research & Development,Manager,128772,10731,1,Associate Degree,Single,1,1,1,No,14.4,1
EMP2289,Employee_1290,50,Male,Sales,Sales Executive,152448,12704,17,Bachelor's Degree,Married,3,4,3,No,17.5,0
EMP2290,Employee_1291,47,Female,Research & Development,Research Scientist,131436,10953,10,Bachelor's Degree,Divorced,3,3,4,No,10.8,0
EMP2291,Employee_1292,56,Male,Sales,Sales Representative,133404,11117,18,High School,Married,3,3,4,No,25.2,0
EMP2292,Employee_1293,58,Male,IT,Manager,170400,14200,0,Associate Degree,Divorced,3,2,3,No,7.9,0
EMP2293,Employee_1294,48,Male,IT,Systems Analyst,178440,14870,24,Bachelor's Degree,Married,1,3,3,No,21.2,0
EMP2294,Employee_1295,28,Female,Sales,Manager,165048,13754,10,Bachelor's Degree,Married,1,4,3,Yes,9.8,1
EMP2295,Employee_1296,25,Female,Research & Development,Research Scientist,101664,8472,7,Bachelor's Degree,Married,3,3,2,Yes,27.2,1
EMP2296,Employee_1297,43,Female,Sales,Manager,200208,16684,18,Bachelor's Degree,Married,2,1,3,No,4.5,0
EMP2297,Employee_1298,41,Male,IT,Manager,205572,17131,20,Master's Degree,Married,1,3,3,No,24.0,0
EMP2298,Employee_1299,53,Male,Finance,Financial Analyst,144972,12081,13,High School,Married,3,3,3,Yes,27.7,1
EMP2299,Employee_1300,29,Female,Sales,Sales Representative,68892,5741,4,Bachelor's Degree,Married,3,2,3,No,8.5,0
EMP2300,Employee_1301,59,Male,Human Resources,Manager,239088,19924,25,Bachelor's Degree,Married,3,3,3,Yes,7.4,0
EMP2301,Employee_1302,22,Female,IT,Manager,116520,9710,0,Associate Degree,Married,2,1,2,No,9.5,1
EMP2302,Employee_1303,24,Male,Finance,Accountant,71256,5938,0,High School,Married,2,2,3,No,21.8,1
EMP2303,Employee_1304,48,Female,Finance,Manager,190632,15886,14,Bachelor's Degree,Single,2,4,3,No,21.9,0
EMP2304,Employee_1305,50,Male,IT,Manager,181092,15091,7,Master's Degree,Single,2,1,3,No,11.6,1
EMP2305,Employee_1306,25,Female,Human Resources,Manager,151020,12585,7,High School,Married,1,1,3,Yes,26.7,1
EMP2306,Employee_1307,52,Female,Research & Development,Laboratory Technician,143364,11947,18,Bachelor's Degree,Married,4,3,2,No,7.0,0
EMP2307,Employee_1308,43,Female,IT,Systems Analyst,155160,12930,19,Associate Degree,Married,3,4,4,Yes,14.1,0
EMP2308,Employee_1309,46,Male,Sales,Sales Executive,159648,13304,22,Master's Degree,Married,2,1,3,Yes,9.7,1
EMP2309,Employee_1310,21,Female,IT,Manager,121764,10147,1,Master's Degree,Single,3,1,2,No,25.7,1
EMP2310,Employee_1311,59,Female,Research & Development,Laboratory Technician,107532,8961,6,Associate Degree,Single,4,4,3,Yes,2.3,1
EMP2311,Employee_1312,45,Female,IT,Developer,128016,10668,12,Associate Degree,Divorced,2,3,2,Yes,7.5,0
EMP2312,Employee_1313,32,Male,IT,Developer,93708,7809,6,Associate Degree,Married,3,3,3,No,17.3,0
EMP2313,Employee_1314,49,Female,Sales,Sales Representative,127380,10615,17,High School,Single,2,2,4,Yes,8.7,1
EMP2314,Employee_1315,47,Male,IT,Developer,109140,9095,5,Bachelor's Degree,Divorced,2,3,3,Yes,10.5,0
EMP2315,Employee_1316,55,Female,Research & Development,Research Scientist,147684,12307,9,High School,Married,2,1,3,No,2.2,1
EMP2316,Employee_1317,28,Male,IT,Developer,70044,5837,1,Bachelor's Degree,Single,3,2,2,No,26.5,1
EMP2317,Employee_1318,25,Female,Research & Development,Research Scientist,97308,8109,6,Master's Degree,Single,2,2,4,Yes,6.0,1
EMP2318,Employee_1319,21,Female,Sales,Manager,122748,10229,1,High School,Married,3,3,3,Yes,17.6,1
EMP2319,Employee_1320,41,Female,IT,Manager,175860,14655,9,Bachelor's Degree,Married,2,4,2,No,25.8,0
EMP2320,Employee_1321,42,Male,Sales,Sales Representative,86364,7197,6,Bachelor's Degree,Divorced,3,3,3,No,10.3,0
EMP2321,Employee_1322,51,Male,Finance,Manager,170808,14234,3,Bachelor's Degree,Married,1,3,4,Yes,1.1,1
EMP2322,Employee_1323,50,Male,Research & Development,Manager,190248,15854,13,Bachelor's Degree,Married,3,3,3,No,20.5,0
EMP2323,Employee_1324,32,Male,Sales,Sales Representative,79284,6607,8,Associate Degree,Divorced,2,3,3,No,19.9,0
EMP2324,Employee_1325,58,Female,Sales,Manager,212292,17691,17,Bachelor's Degree,Married,4,1,1,No,17.9,0
EMP2325,Employee_1326,58,Female,IT,Manager,168600,14050,3,Bachelor's Degree,Single,4,2,2,No,29.9,0
EMP2326,Employee_1327,44,Male,Sales,Sales Executive,112164,9347,7,High School,Married,3,1,2,No,4.5,0
EMP2327,Employee_1328,31,Female,IT,Systems Analyst,118908,9909,10,Associate Degree,Married,1,2,3,Yes,26.4,1
EMP2328,Employee_1329,31,Female,Research & Development,Manager,139752,11646,4,Master's Degree,Single,3,3,4,No,5.2,0
EMP2329,Employee_1330,30,Female,Sales,Manager,146520,12210,3,PhD,Divorced,2,3,3,No,16.3,0
EMP2330,Employee_1331,49,Female,Finance,Manager,161604,13467,3,Bachelor's Degree,Divorced,3,3,3,Yes,17.3,0
EMP2331,Employee_1332,36,Male,Research & Development,Manager,151272,12606,5,PhD,Married,3,3,3,Yes,27.3,1
EMP2332,Employee_1333,53,Male,Research & Development,Research Scientist,189300,15775,25,Master's Degree,Married,3,3,4,No,7.0,0
EMP2333,Employee_1334,53,Male,IT,Systems Analyst,188496,15708,25,Bachelor's Degree,Married,4,3,4,No,23.8,0
EMP2334,Employee_1335,56,Female,Sales,Sales Executive,124860,10405,5,Associate Degree,Married,3,3,3,No,13.5,0
EMP2335,Employee_1336,30,Male,Sales,Sales Representative,71628,5969,7,Associate Degree,Married,2,2,4,No,16.6,0
EMP2336,Employee_1337,42,Female,IT,Systems Analyst,149496,12458,18,Bachelor's Degree,Married,2,2,3,No,27.4,0
EMP2337,Employee_1338,29,Male,IT,Systems Analyst,92760,7730,4,Bachelor's Degree,Divorced,3,4,3,No,29.7,0
EMP2338,Employee_1339,30,Male,IT,Developer,94476,7873,9,Associate Degree,Divorced,3,2,3,Yes,18.7,1
EMP2339,Employee_1340,27,Male,Human Resources,HR Manager,126492,10541,8,Bachelor's Degree,Married,2,3,3,No,24.3,0
EMP2340,Employee_1341,33,Female,Research & Development,Laboratory Technician,76032,6336,5,Bachelor's Degree,Single,3,2,3,No,2.1,0
EMP2341,Employee_1342,55,Female,Research & Development,Research Scientist,119568,9964,0,PhD,Divorced,3,3,3,No,6.8,0
EMP2342,Employee_1343,47,Male,IT,Developer,100872,8406,3,High School,Married,1,1,3,No,29.9,1
EMP2343,Employee_1344,51,Female,Sales,Manager,215640,17970,20,Bachelor's Degree,Married,2,4,3,No,2.8,0
EMP2344,Employee_1345,57,Female,Sales,Sales Representative,124548,10379,12,Associate Degree,Single,3,3,3,No,18.9,0
EMP2345,Employee_1346,53,Male,Sales,Sales Representative,124248,10354,14,High School,Single,2,2,3,No,24.6,1
EMP2346,Employee_1347,28,Female,Sales,Manager,151500,12625,6,Bachelor's Degree,Married,2,2,3,No,5.7,0
EMP2347,Employee_1348,42,Male,IT,Systems Analyst,157308,13109,20,High School,Divorced,1,3,4,Yes,10.3,1
EMP2348,Employee_1349,55,Female,IT,Manager,187536,15628,10,Master's Degree,Married,2,4,3,No,1.2,0
EMP2349,Employee_1350,24,Male,Research & Development,Research Scientist,98256,8188,5,Bachelor's Degree,Married,2,3,4,No,1.3,0
EMP2350,Employee_1351,29,Male,Sales,Manager,127848,10654,0,Bachelor's Degree,Married,3,4,3,No,13.6,0
EMP2351,Employee_1352,26,Female,Sales,Sales Representative,53340,4445,1,Master's Degree,Single,2,3,1,No,12.0,1
EMP2352,Employee_1353,45,Male,IT,Developer,124908,10409,10,High School,Married,1,4,3,No,15.0,0
EMP2353,Employee_1354,21,Female,Sales,Manager,126516,10543,1,Bachelor's Degree,Single,2,3,3,No,8.3,0
EMP2354,Employee_1355,49,Male,Sales,Sales Representative,128712,10726,19,Bachelor's Degree,Divorced,4,2,3,No,1.3,0
EMP2355,Employee_1356,36,Female,IT,Systems Analyst,117108,9759,10,Associate Degree,Single,4,3,3,No,11.8,0
EMP2356,Employee_1357,50,Male,Finance,Manager,159096,13258,3,Associate Degree,Single,3,3,3,Yes,20.8,1
EMP2357,Employee_1358,28,Male,Human Resources,HR Manager,117012,9751,5,Bachelor's Degree,Single,3,3,3,No,21.4,0
EMP2358,Employee_1359,47,Male,IT,Manager,188028,15669,10,Bachelor's Degree,Single,3,1,2,Yes,25.6,1
EMP2359,Employee_1360,43,Female,IT,Manager,172716,14393,7,Bachelor's Degree,Single,1,2,3,No,5.9,1
EMP2360,Employee_1361,47,Male,Sales,Sales Representative,125004,10417,18,Associate Degree,Married,3,2,3,Yes,6.2,1
EMP2361,Employee_1362,57,Male,Sales,Manager,216996,18083,17,High School,Married,1,2,3,No,5.4,0
EMP2362,Employee_1363,50,Male,Sales,Sales Executive,125220,10435,7,Bachelor's Degree,Single,3,2,3,No,9.6,0
EMP2363,Employee_1364,23,Female,Sales,Sales Representative,49044,4087,3,Master's Degree,Married,3,3,4,No,26.5,0
EMP2364,Employee_1365,25,Female,IT,Developer,82812,6901,4,Bachelor's Degree,Single,3,3,3,No,25.2,0
EMP2365,Employee_1366,50,Female,IT,Developer,148092,12341,18,Bachelor's Degree,Married,3,3,4,No,20.2,0
EMP2366,Employee_1367,49,Female,IT,Developer,141384,11782,17,PhD,Married,2,3,4,Yes,3.7,0
EMP2367,Employee_1368,27,Female,Human Resources,Manager,155568,12964,9,Master's Degree,Married,3,4,3,No,15.8,0
EMP2368,Employee_1369,51,Female,Finance,Manager,230364,19197,24,Master's Degree,Single,1,4,3,No,29.5,1
EMP2369,Employee_1370,58,Female,IT,Systems Analyst,121020,10085,3,Bachelor's Degree,Single,3,3,4,No,13.7,0
EMP2370,Employee_1371,47,Female,Research & Development,Research Scientist,184728,15394,24,Bachelor's Degree,Married,2,1,3,Yes,9.4,1
EMP2371,Employee_1372,44,Male,Sales,Sales Representative,140472,11706,23,Associate Degree,Single,3,1,3,Yes,16.3,1
EMP2372,Employee_1373,51,Female,Finance,Manager,211788,17649,18,Associate Degree,Married,2,3,3,No,5.4,0
EMP2373,Employee_1374,38,Female,Sales,Manager,193656,16138,19,Bachelor's Degree,Single,2,1,4,No,15.9,1
EMP2374,Employee_1375,47,Male,Sales,Sales Representative,111552,9296,11,Bachelor's Degree,Married,4,2,4,Yes,7.3,1
EMP2375,Employee_1376,46,Male,Sales,Manager,176004,14667,8,Bachelor's Degree,Divorced,4,4,3,Yes,16.0,0
EMP2376,Employee_1377,51,Female,Finance,Accountant,133116,11093,11,Master's Degree,Married,3,4,3,No,18.0,0
EMP2377,Employee_1378,53,Female,Research & Development,Manager,221472,18456,19,Associate Degree,Married,3,3,4,Yes,21.8,1
EMP2378,Employee_1379,36,Female,IT,Manager,164904,13742,7,Associate Degree,Married,4,1,3,Yes,6.7,1
EMP2379,Employee_1380,55,Female,Finance,Financial Analyst,139308,11609,9,Bachelor's Degree,Single,3,3,3,No,27.7,0
EMP2380,Employee_1381,53,Female,Sales,Sales Representative,135696,11308,18,Master's Degree,Married,3,2,3,No,9.6,0
EMP2381,Employee_1382,48,Male,Finance,Accountant,115584,9632,8,Bachelor's Degree,Divorced,3,2,4,Yes,17.8,1
EMP2382,Employee_1383,32,Female,Sales,Manager,173748,14479,12,Bachelor's Degree,Divorced,3,2,4,No,23.9,0
EMP2383,Employee_1384,57,Female,Sales,Manager,205524,17127,12,Associate Degree,Married,3,4,3,No,19.4,0
EMP2384,Employee_1385,24,Male,Sales,Sales Executive,72888,6074,1,Bachelor's Degree,Married,2,3,3,No,20.7,1
EMP2385,Employee_1386,53,Male,Research & Development,Laboratory Technician,94212,7851,3,Bachelor's Degree,Married,2,3,3,No,12.6,0
EMP2386,Employee_1387,48,Male,Sales,Sales Executive,162924,13577,23,Master's Degree,Married,2,1,2,No,21.5,1
EMP2387,Employee_1388,36,Male,Sales,Sales Executive,122724,10227,12,Bachelor's Degree,Single,3,2,4,No,25.2,0
EMP2388,Employee_1389,25,Male,IT,Developer,78012,6501,5,Bachelor's Degree,Married,2,4,3,No,2.8,0
EMP2389,Employee_1390,53,Female,IT,Systems Analyst,174564,14547,19,High School,Married,4,2,3,No,3.0,0
EMP2390,Employee_1391,28,Male,IT,Systems Analyst,93384,7782,2,Bachelor's Degree,Married,3,4,3,No,27.3,0
EMP2391,Employee_1392,49,Female,Research & Development,Research Scientist,154104,12842,16,Bachelor's Degree,Divorced,3,4,4,No,14.2,1
EMP2392,Employee_1393,50,Female,Research & Development,Laboratory Technician,91224,7602,1,Bachelor's Degree,Single,3,3,1,No,12.4,0
EMP2393,Employee_1394,42,Male,Research & Development,Manager,196068,16339,18,High School,Divorced,2,3,3,Yes,19.0,0
EMP2394,Employee_1395,39,Male,Sales,Sales Representative,79332,6611,6,Bachelor's Degree,Married,1,3,4,No,7.7,0
EMP2395,Employee_1396,27,Male,Research & Development,Research Scientist,106656,8888,7,Bachelor's Degree,Married,2,4,3,No,18.0,0
EMP2396,Employee_1397,40,Female,Human Resources,Manager,176568,14714,10,PhD,Single,2,4,3,No,3.1,0
EMP2397,Employee_1398,53,Female,Human Resources,HR Manager,139692,11641,2,Bachelor's Degree,Divorced,2,2,3,Yes,7.8,1
EMP2398,Employee_1399,53,Female,IT,Developer,108408,9034,1,Associate Degree,Married,3,1,3,No,15.9,0
EMP2399,Employee_1400,34,Female,Human Resources,HR Manager,128280,10690,6,PhD,Married,2,3,4,No,26.4,0
EMP2400,Employee_1401,33,Male,Finance,Manager,135972,11331,2,Bachelor's Degree,Divorced,3,3,3,No,20.2,0
EMP2401,Employee_1402,40,Male,Research & Development,Manager,166020,13835,8,Bachelor's Degree,Divorced,3,1,3,No,8.1,0
EMP2402,Employee_1403,53,Male,Sales,Sales Representative,99432,8286,6,Master's Degree,Married,4,2,2,No,7.1,0
EMP2403,Employee_1404,47,Female,Human Resources,HR Manager,169140,14095,14,Bachelor's Degree,Married,2,3,1,No,17.3,0
EMP2404,Employee_1405,50,Female,Finance,Financial Analyst,143388,11949,13,Master's Degree,Married,2,1,4,No,24.1,1
EMP2405,Employee_1406,23,Female,Human Resources,HR Specialist,54648,4554,1,Bachelor's Degree,Divorced,3,1,4,No,6.5,1
EMP2406,Employee_1407,29,Female,Sales,Manager,125616,10468,0,Bachelor's Degree,Married,4,1,3,Yes,25.1,1
EMP2407,Employee_1408,23,Female,Research & Development,Research Scientist,92808,7734,3,Bachelor's Degree,Married,3,4,3,Yes,19.8,1
EMP2408,Employee_1409,52,Male,IT,Developer,170532,14211,24,Bachelor's Degree,Divorced,3,1,4,No,1.7,0
EMP2409,Employee_1410,53,Male,Sales,Sales Executive,156948,13079,19,Bachelor's Degree,Married,2,3,3,No,11.2,0
EMP2410,Employee_1411,29,Male,Human Resources,HR Manager,110208,9184,0,Bachelor's Degree,Married,3,1,4,No,16.3,0
EMP2411,Employee_1412,42,Female,Sales,Sales Representative,120732,10061,16,Associate Degree,Married,2,2,3,Yes,2.1,1
EMP2412,Employee_1413,39,Female,IT,Manager,190848,15904,17,Bachelor's Degree,Single,1,3,3,No,27.2,1
EMP2413,Employee_1414,22,Female,Research & Development,Laboratory Technician,52824,4402,1,Associate Degree,Married,3,2,4,No,21.4,1
EMP2414,Employee_1415,49,Male,Research & Development,Laboratory Technician,142572,11881,21,PhD,Single,3,3,4,No,21.3,0
EMP2415,Employee_1416,51,Female,Sales,Sales Executive,118812,9901,5,Associate Degree,Single,2,3,3,No,2.1,0
EMP2416,Employee_1417,27,Male,Human Resources,Manager,126348,10529,0,Bachelor's Degree,Divorced,4,3,4,No,16.9,0
EMP2417,Employee_1418,57,Female,Sales,Sales Representative,81000,6750,0,Bachelor's Degree,Married,3,3,4,No,28.9,0
EMP2418,Employee_1419,57,Female,IT,Manager,179052,14921,5,Bachelor's Degree,Single,2,2,3,No,28.1,1
EMP2419,Employee_1420,55,Male,Sales,Sales Representative,155832,12986,25,Associate Degree,Single,2,4,2,No,1.8,0
EMP2420,Employee_1421,54,Female,Sales,Sales Representative,79896,6658,0,Bachelor's Degree,Married,1,3,3,Yes,22.8,1
EMP2421,Employee_1422,50,Female,IT,Developer,105888,8824,5,Associate Degree,Married,2,4,3,No,27.8,0
EMP2422,Employee_1423,21,Male,Research & Development,Research Scientist,86940,7245,2,Master's Degree,Married,2,2,3,Yes,3.7,0
EMP2423,Employee_1424,36,Female,IT,Systems Analyst,100392,8366,2,Bachelor's Degree,Married,4,4,4,Yes,18.6,1
EMP2424,Employee_1425,57,Female,Finance,Financial Analyst,114804,9567,2,Bachelor's Degree,Married,3,3,4,No,7.3,0
EMP2425,Employee_1426,30,Female,IT,Developer,90708,7559,5,Associate Degree,Divorced,4,3,3,No,10.3,0
EMP2426,Employee_1427,46,Female,IT,Developer,109728,9144,5,Associate Degree,Married,2,4,3,No,11.5,0
EMP2427,Employee_1428,26,Female,Human Resources,HR Manager,109908,9159,1,Associate Degree,Divorced,2,3,1,Yes,14.5,1
EMP2428,Employee_1429,32,Male,IT,Systems Analyst,124836,10403,12,Bachelor's Degree,Married,1,4,3,Yes,2.7,1
EMP2429,Employee_1430,31,Male,Sales,Sales Representative,83016,6918,11,Bachelor's Degree,Married,1,1,3,No,5.3,1
EMP2430,Employee_1431,27,Female,IT,Manager,135744,11312,1,Bachelor's Degree,Divorced,3,2,3,Yes,15.2,0
EMP2431,Employee_1432,56,Male,Finance,Financial Analyst,119556,9963,2,High School,Single,3,3,3,Yes,21.1,1
EMP2432,Employee_1433,20,Female,Finance,Financial Analyst,70560,5880,2,Bachelor's Degree,Single,2,2,4,No,8.8,1
EMP2433,Employee_1434,29,Male,IT,Manager,163476,13623,11,Bachelor's Degree,Married,3,1,3,Yes,2.3,1
EMP2434,Employee_1435,23,Male,Sales,Sales Representative,52092,4341,4,Bachelor's Degree,Divorced,3,3,3,Yes,29.0,1
EMP2435,Employee_1436,36,Male,Finance,Manager,170292,14191,11,Bachelor's Degree,Married,3,4,3,No,22.9,0
EMP2436,Employee_1437,36,Male,Sales,Sales Representative,116976,9748,17,Associate Degree,Single,3,4,3,No,2.9,0
EMP2437,Employee_1438,31,Female,Sales,Manager,159108,13259,10,Bachelor's Degree,Married,3,3,4,Yes,17.1,0
EMP2438,Employee_1439,55,Female,Research & Development,Research Scientist,150240,12520,13,Associate Degree,Single,4,1,3,Yes,1.7,1
EMP2439,Employee_1440,36,Male,IT,Systems Analyst,107628,8969,7,PhD,Divorced,3,4,3,No,22.8,0
EMP2440,Employee_1441,42,Female,Human Resources,Manager,205620,17135,21,Bachelor's Degree,Married,3,1,3,Yes,13.2,1
EMP2441,Employee_1442,29,Male,IT,Systems Analyst,105804,8817,9,Bachelor's Degree,Divorced,1,3,3,Yes,5.2,1
EMP2442,Employee_1443,40,Female,IT,Systems Analyst,137604,11467,13,PhD,Married,2,1,3,No,26.7,1
EMP2443,Employee_1444,22,Male,Sales,Sales Executive,70908,5909,2,Bachelor's Degree,Divorced,1,4,3,No,11.3,1
EMP2444,Employee_1445,42,Female,Sales,Manager,150300,12525,0,Associate Degree,Single,2,4,3,No,18.5,1
EMP2445,Employee_1446,26,Male,Human Resources,HR Specialist,66468,5539,1,Bachelor's Degree,Married,3,1,3,No,5.1,1
EMP2446,Employee_1447,32,Male,Sales,Sales Representative,63780,5315,1,Bachelor's Degree,Divorced,3,2,3,No,12.9,0
EMP2447,Employee_1448,50,Female,IT,Developer,138168,11514,16,Bachelor's Degree,Married,3,3,4,No,19.7,0
EMP2448,Employee_1449,35,Female,Research & Development,Research Scientist,108384,9032,5,Bachelor's Degree,Married,4,3,3,No,21.7,0
EMP2449,Employee_1450,50,Female,IT,Manager,225048,18754,25,Bachelor's Degree,Married,3,3,3,No,2.2,0
EMP2450,Employee_1451,23,Female,Research & Development,Manager,122616,10218,0,Bachelor's Degree,Married,3,4,2,No,23.6,0
EMP2451,Employee_1452,37,Female,Research & Development,Manager,159876,13323,7,Bachelor's Degree,Single,3,4,3,No,7.8,0
EMP2452,Employee_1453,26,Male,IT,Developer,94836,7903,8,Master's Degree,Divorced,3,1,4,No,18.3,1
EMP2453,Employee_1454,54,Male,Finance,Financial Analyst,146136,12178,11,Associate Degree,Married,3,4,3,No,22.4,0
EMP2454,Employee_1455,44,Male,Research & Development,Laboratory Technician,115608,9634,13,Bachelor's Degree,Single,2,4,4,No,7.4,0
EMP2455,Employee_1456,58,Male,Sales,Sales Representative,101460,8455,4,Bachelor's Degree,Married,2,3,3,No,5.9,0
EMP2456,Employee_1457,21,Female,IT,Developer,71892,5991,2,Master's Degree,Single,2,3,1,Yes,5.3,1
EMP2457,Employee_1458,49,Male,Finance,Accountant,150612,12551,17,Associate Degree,Divorced,1,4,3,No,7.9,0
EMP2458,Employee_1459,54,Male,Research & Development,Manager,228624,19052,24,PhD,Married,3,3,3,No,4.7,0
EMP2459,Employee_1460,50,Male,Sales,Sales Representative,83964,6997,2,Bachelor's Degree,Single,3,4,3,No,7.2,0
EMP2460,Employee_1461,37,Male,Research & Development,Research Scientist,118476,9873,7,Associate Degree,Divorced,4,2,3,No,23.4,0
EMP2461,Employee_1462,51,Male,Sales,Sales Representative,150360,12530,24,Bachelor's Degree,Divorced,2,4,2,No,5.6,1
EMP2462,Employee_1463,20,Male,Finance,Financial Analyst,69720,5810,2,Associate Degree,Single,2,3,3,No,16.6,1
EMP2463,Employee_1464,21,Female,Sales,Sales Executive,72324,6027,2,Bachelor's Degree,Single,3,4,2,No,10.9,0
EMP2464,Employee_1465,52,Male,Sales,Sales Representative,151524,12627,23,Bachelor's Degree,Married,3,2,1,No,14.1,0
EMP2465,Employee_1466,36,Male,IT,Developer,94944,7912,4,PhD,Single,3,3,3,No,9.8,0
EMP2466,Employee_1467,35,Female,Sales,Sales Representative,108528,9044,15,Master's Degree,Married,3,1,3,No,5.9,0
EMP2467,Employee_1468,56,Male,IT,Developer,164664,13722,22,Bachelor's Degree,Married,2,3,3,Yes,24.4,1
EMP2468,Employee_1469,54,Female,Finance,Manager,187356,15613,10,Master's Degree,Married,3,4,3,Yes,8.0,0
EMP2469,Employee_1470,38,Male,Research & Development,Manager,189240,15770,15,Bachelor's Degree,Single,2,3,3,Yes,17.0,1
EMP2470,Employee_1471,33,Female,Research & Development,Laboratory Technician,114504,9542,15,Bachelor's Degree,Single,2,3,1,No,24.6,0
EMP2471,Employee_1472,23,Male,IT,Systems Analyst,85380,7115,2,Master's Degree,Single,4,4,3,Yes,24.1,1
EMP2472,Employee_1473,46,Female,Sales,Sales Representative,120852,10071,15,Bachelor's Degree,Single,3,4,4,No,2.6,0
EMP2473,Employee_1474,21,Male,Sales,Sales Executive,75912,6326,3,Associate Degree,Divorced,3,2,4,No,26.5,0
EMP2474,Employee_1475,33,Female,Research & Development,Manager,184152,15346,15,High School,Married,3,2,4,No,25.8,0
EMP2475,Employee_1476,54,Female,Research & Development,Research Scientist,145080,12090,9,High School,Married,2,3,3,No,9.1,0
EMP2476,Employee_1477,59,Female,Research & Development,Manager,238428,19869,25,Bachelor's Degree,Married,3,3,3,No,16.5,0
EMP2477,Employee_1478,47,Female,Sales,Manager,214536,17878,21,Master's Degree,Married,3,4,3,No,12.4,0
EMP2478,Employee_1479,30,Female,Sales,Sales Representative,84480,7040,9,Master's Degree,Married,1,2,3,No,17.8,1
EMP2479,Employee_1480,39,Female,Sales,Manager,184824,15402,14,Bachelor's Degree,Married,3,3,3,No,28.3,0
EMP2480,Employee_1481,20,Male,Sales,Sales Representative,44652,3721,2,Master's Degree,Single,3,3,3,Yes,1.9,1
EMP2481,Employee_1482,51,Male,Sales,Manager,210996,17583,18,Bachelor's Degree,Married,3,3,3,No,9.9,0
EMP2482,Employee_1483,55,Female,Finance,Financial Analyst,183540,15295,22,Bachelor's Degree,Married,1,2,3,Yes,27.8,1
EMP2483,Employee_1484,55,Female,Sales,Manager,223092,18591,20,Master's Degree,Married,3,1,3,Yes,9.8,1
EMP2484,Employee_1485,28,Male,IT,Systems Analyst,100044,8337,7,Associate Degree,Married,2,3,2,Yes,20.1,1
EMP2485,Employee_1486,52,Male,Sales,Manager,183612,15301,9,Bachelor's Degree,Married,2,4,2,No,22.5,0
EMP2486,Employee_1487,43,Female,Finance,Manager,143868,11989,0,Bachelor's Degree,Married,3,4,2,No,8.9,0
EMP2487,Employee_1488,22,Male,Research & Development,Laboratory Technician,46620,3885,0,Associate Degree,Married,1,2,3,No,9.6,0
EMP2488,Employee_1489,30,Male,Finance,Accountant,105252,8771,10,Bachelor's Degree,Divorced,3,3,3,No,21.6,1
EMP2489,Employee_1490,58,Female,IT,Systems Analyst,151740,12645,11,Bachelor's Degree,Married,1,4,3,No,28.7,1
EMP2490,Employee_1491,40,Female,Research & Development,Research Scientist,118836,9903,5,Associate Degree,Married,2,3,3,No,7.1,0
EMP2491,Employee_1492,59,Female,IT,Manager,170016,14168,3,Bachelor's Degree,Married,4,4,4,No,27.1,0
EMP2492,Employee_1493,23,Male,Sales,Sales Executive,72444,6037,1,Master's Degree,Divorced,2,4,3,No,9.2,0
EMP2493,Employee_1494,32,Male,Sales,Sales Executive,88488,7374,3,PhD,Single,4,1,3,No,16.9,1
EMP2494,Employee_1495,59,Male,Research & Development,Laboratory Technician,149568,12464,19,Bachelor's Degree,Married,2,4,1,No,10.4,0
EMP2495,Employee_1496,38,Female,IT,Systems Analyst,107616,8968,6,Associate Degree,Married,4,4,4,No,27.5,1
EMP2496,Employee_1497,42,Female,IT,Developer,144288,12024,19,Bachelor's Degree,Married,3,4,3,No,24.5,0
EMP2497,Employee_1498,26,Male,IT,Systems Analyst,85680,7140,2,Master's Degree,Divorced,2,3,2,No,10.9,0
EMP2498,Employee_1499,43,Female,IT,Developer,95712,7976,4,Associate Degree,Married,3,2,3,Yes,13.5,1
EMP2499,Employee_1500,32,Female,Finance,Manager,143880,11990,4,Bachelor's Degree,Married,4,4,3,No,20.6,0
